title,front,back,caption,null
...And You Will Know Us By The Trail Of Dead,/shirts/0001-Green.jpg,/shirts/0001-Blue.jpg,...AND YOU WILL KNOW US BY THE TRAIL OF DEAD || SMALL || 100% Cotton || Anvil || $40,/shirts/null.png
Queens Of The Stone Age,/shirts/0002-Green.jpg,/shirts/0002-Blue.jpg,QUEENS OF THE STONE AGE || 2011 Self-Titled Tour || MEDIUM || 100% Cotton || Tultex || $50,/shirts/null.png
Tool,/shirts/0003-Green.jpg,/shirts/0003-Blue.jpg,TOOL || 2010 Tour || MEDIUM || 100% Cotton || Anvil || $60,/shirts/null.png
Stone Temple Pilots,/shirts/0004-Green.jpg,/shirts/0004-Blue.jpg,STONE TEMPLE PILOTS || 2008 Tour || LARGE || 100% Cotton || Anvil || $50,/shirts/null.png
Alice In Chains,/shirts/0005-Green.jpg,/shirts/0005-Blue.jpg,ALICE IN CHAINS || Black Gives Way To Blue Tour 2010 || MEDIUM || 100% Cotton || Bay Island Sportswear || $40,/shirts/null.png
Killswitch Engage,/shirts/0006-Green.jpg,/shirts/0006-Blue.jpg,KILLSWITCH ENGAGE || Alive Or Just Breathing: 10 Years 2002-2012 || SMALL || 100% Preshrunk Cotton || Gildan || $40,/shirts/null.png
Avenged Sevenfold,/shirts/0007-Green.jpg,/shirts/0007-Blue.jpg,AVENGED SEVENFOLD || Cities Of Evil Tour 2006 || LARGE || 100% Preshrunk Cotton || Delta ProWeight || $50,/shirts/null.png
Deftones,/shirts/0008-Green.jpg,/shirts/0008-Blue.jpg,DEFTONES || Tour 2006-07 || MEDIUM || 100% Preshrunk Cotton || Alstyle Apparel & Activewear || $50,/shirts/null.png
Sparta,/shirts/0009-Green.jpg,/shirts/0009-Blue.jpg,SPARTA || MEDIUM || 60% Cotton/40% Polyester || Pacific || $40,/shirts/null.png
Filter,/shirts/0010-Green.jpg,/shirts/0010-Blue.jpg,FILTER || Make America Hate Again Tour 2016 || MEDIUM || 100% Cotton || Gildan || $40,/shirts/null.png
Deftones,/shirts/0011-Green.jpg,/shirts/0011-Blue.jpg,DEFTONES || Koi No Yokan Tour 2012 || SMALL || 100% Cotton || Next Level apparel || $50,/shirts/null.png
Infected Mushroom,/shirts/0012-Green.jpg,/shirts/0012-Blue.jpg,INFECTED MUSHROOM || MEDIUM || Unlisted (cotton/blend) || $40,/shirts/null.png
Barenaked Ladies,/shirts/0013-Green.jpg,/shirts/0013-Blue.jpg,BARENAKED LADIES || 2010 Tour || MEDIUM || Unlisted (cotton/blend) || Transmission Merchandise || $40,/shirts/null.png
Matisyahu,/shirts/0014-Green.jpg,/shirts/0014-Blue.jpg,MATISYAHU || 2006 Tour || LARGE || 100% Combed Cotton || American Apparel || $40,/shirts/null.png
Iron Butterfly,/shirts/0015-Green.jpg,/shirts/0015-Blue.jpg,IRON BUTTERFLY || SIGNED by Ron Bushy and Lee Dorman || LARGE || 100% Cotton || Gildan || $40,/shirts/null.png
Bauhaus,/shirts/0016-Green.jpg,/shirts/0016-Blue.jpg,BAUHAUS || Near The Atmosphere 2005 Tour || LARGE || 100% Preshrunk Cotton || Anvil || $40,/shirts/null.png
GIGANTOUR,/shirts/0017-Green.jpg,/shirts/0017-Blue.jpg,GIGANTOUR || North America 2008 Tour || LARGE || 100% Preshrunk Cotton || Anvil || $50,/shirts/null.png
Treasure Island Music Festival,/shirts/0018-Green.jpg,/shirts/0018-Blue.jpg,TREASURE ISLAND MUSIC FESTIVAL || 2009 || MEDIUM || 100% Cotton || Alternative Apparel || $40,/shirts/null.png
Earth Wind & Fire,/shirts/0019-Green.jpg,/shirts/0019-Blue.jpg,EARTH WIND & FIRE || The Legacy Continues 1969-2009 Tour || MEDIUM || 100% Preshrunk Combed Ringspun Cotton || Tultex || $50,/shirts/null.png
Voltaire,/shirts/0020-Green.jpg,/shirts/0020-Blue.jpg,VOLTAIRE || The Bottom Of The Sea 2009 Tour || MEDIUM || 100% Preshrunk Cotton || Gildan || $40,/shirts/null.png
Tool,/shirts/0021-Green.jpg,/shirts/0021-Blue.jpg,TOOL || 10000 Days Fall 2006 Tour || MEDIUM || 100% Preshrunk Cotton || Anvil || $60,/shirts/null.png
Tool,/shirts/0022-Green.jpg,/shirts/0022-Blue.jpg,TOOL || Fall Tour 2007 || LARGE || 100% Preshrunk Cotton || Anvil || $60,/shirts/null.png
Tool,/shirts/0023-Green.jpg,/shirts/0023-Blue.jpg,TOOL || 10000 Days Spring 2006 Tour || LARGE || 100% Preshrunk Cotton || Anvil || $60,/shirts/null.png
Infected Mushroom,/shirts/0024-Green.jpg,/shirts/0024-Blue.jpg,INFECTED MUSHROOM || Vicious Delicious || MEDIUM || Unlisted (cotton/blend) || Plazma || $40,/shirts/null.png
Alice In Chains,/shirts/0025-Green.jpg,/shirts/0025-Blue.jpg,ALICE IN CHAINS || 2006 Reunion Tour || LARGE || 100% Preshrunk Cotton || Anvil || $50,/shirts/null.png
Mindless Self Indulgence,/shirts/0026-Green.jpg,/shirts/0026-Blue.jpg,MINDLESS SELF INDULGENCE || IF 2008 Tour || LARGE || 75% Cotton/25% Polyester || Alternative Apparel || $50,/shirts/null.png
The Prodigy,/shirts/0027-Green.jpg,/shirts/0027-Blue.jpg,THE PRODIGY || Invaders Must Die 2009 Tour || MEDIUM || 100% Preshrunk Cotton || Anvil || $40,/shirts/null.png
The Presidents Of The United States Of America,/shirts/0028-Green.jpg,/shirts/0028-Blue.jpg,THE PRESIDENTS OF THE UNITED STATES OF AMERICA || 2008 Tour || LARGE || 100% Preshrunk Cotton || Anvil || $40,/shirts/null.png
Allman Brothers Band,/shirts/0029-Green.jpg,/shirts/0029-Blue.jpg,ALLMAN BROTHERS BAND || The Road Goes On Forever: 40th Anniversary Tour || MEDIUM || 100% Preshrunk Cotton || Gildan || $50,/shirts/null.png
Muse,/shirts/0030-Green.jpg,/shirts/0030-Blue.jpg,MUSE || Black Holes & Revelations 2007 Tour || MEDIUM || 100% Preshrunk Cotton || Tultex || $60,/shirts/null.png
Tori Amos,/shirts/0031-Green.jpg,/shirts/0031-Blue.jpg,TORI AMOS || Sinful Attraction 2009 Tour || MEDIUM || 100% Cotton || Pima Apparel || $50,/shirts/null.png
Keane,/shirts/0032-Green.jpg,/shirts/0032-Blue.jpg,KEANE || Perfect Symmetry Live 2009 Tour || MEDIUM || 100% Combed Cotton || American Apparel || $40,/shirts/null.png
The Glitch Mob,/shirts/0033-Green.jpg,/shirts/0033-Blue.jpg,THE GLITCH MOB || The Summer 2011 Tour || LARGE || 100% Ringspun Cotton || Tultex || $40,/shirts/null.png
GIGANTOUR,/shirts/0034-Green.jpg,/shirts/0034-Blue.jpg,GIGANTOUR || North America 2006 Tour || LARGE || 100% Preshrunk Cotton || Tennessee River || $50,/shirts/null.png
The Chemical Brothers,/shirts/0035-Green.jpg,/shirts/0035-Blue.jpg,THE CHEMICAL BROTHERS || MEDIUM || 100% Combed Cotton || Ten || $40,/shirts/null.png
Opeth,/shirts/0036-Green.jpg,/shirts/0036-Blue.jpg,OPETH || 2005 World Tour || LARGE || 100% Preshrunk Cotton || Anvil || $40,/shirts/null.png
Steel Panther,/shirts/0037-Green.jpg,/shirts/0037-Blue.jpg,STEEL PANTHER || 2016-17 Tour || MEDIUM || 100% Preshrunk Ringspun Cotton || Tultex || $40,/shirts/null.png
Green Day,/shirts/0038-Green.jpg,,GREEN DAY || 21st Century Breakdown || WOMEN'S LARGE || 100% Combed Ringspun Cotton || Tultex || $60,/shirts/null.png
Dropkick Murphys,/shirts/0039-Green.jpg,/shirts/0039-Blue.jpg,DROPKICK MURPHYS || Basted and Wasted 2009 Tour || MEDIUM || 100% Preshrunk Cotton || Bayside || $40,/shirts/null.png
TV On The Radio,/shirts/0040-Green.jpg,/shirts/0040-Blue.jpg,TV ON THE RADIO || MEDIUM || 100% Combed Organic Cotton || American Apparel || $30,/shirts/null.png
Hot Chip,/shirts/0041-Green.jpg,/shirts/0041-Blue.jpg,HOT CHIP || One Life Stand Live 2010 || MEDIUM || 100% Combed Cotton || American Apparel || $40,/shirts/null.png
Strapping Young Lad,/shirts/0042-Green.jpg,/shirts/0042-Blue.jpg,STRAPPING YOUNG LAD || LARGE || 100% Preshrunk Cotton || Gildan || $40,/shirts/null.png
Henry Rollins,/shirts/0043-Green.jpg,/shirts/0043-Blue.jpg,HENRY ROLLINS || Provoked 2007 Tour || MEDIUM || 90% Preshrunk Cotton/10% Polyester || Hanes || $40,/shirts/null.png
The Fiery Furnaces,/shirts/0044-Green.jpg,/shirts/0044-Blue.jpg,THE FIERY FURNACES || LARGE || 100% Combed Cotton || American Apparel || $40,/shirts/null.png
Wilco,/shirts/0045-Green.jpg,/shirts/0045-Blue.jpg,WILCO || Sky Blue Sky 2007 Tour || LARGE || 100% Preshrunk Cotton || Tennessee River || $50,/shirts/null.png
Gogol Bordello,/shirts/0046-Green.jpg,/shirts/0046-Blue.jpg,GOGOL BORDELLO || MEDIUM || 100% Combed Cotton || American Apparel || $40,/shirts/null.png
Echo & The Bunnymen,/shirts/0047-Green.jpg,/shirts/0047-Blue.jpg,ECHO & THE BUNNYMEN || Crocodiles & Heaven Up Here Tour || MEDIUM || 100% Cotton || Hanes || $40,/shirts/null.png
Front Line Assembly,/shirts/0048-Green.jpg,/shirts/0048-Blue.jpg,FRONT LINE ASSEMBLY || WOMEN'S LARGE || 100% Ringspun Cotton || Tultex || $40,/shirts/null.png
Atoms For Peace,/shirts/0049-Green.jpg,/shirts/0049-Blue.jpg,ATOMS FOR PEACE || April 2010 USA Tour || MEDIUM || 50% Recycled PPreshrunk T Bambooottles/50% Cotton || W.A.S.T.E. || $70,/shirts/null.png
Flogging Molly,/shirts/0050-Green.jpg,/shirts/0050-Blue.jpg,FLOGGING MOLLY || LARGE || 100% Cotton || Alstyle Apparel & Activewear || $40,/shirts/null.png
STS9,/shirts/0051-Green.jpg,/shirts/0051-Blue.jpg,STS9 || 2010 Tour || MEDIUM || 100% Combed Cotton || American Apparel || $40,/shirts/null.png
Belle & Sebastian,/shirts/0052-Green.jpg,/shirts/0052-Blue.jpg,BELLE & SEBASTIAN || MEDIUM || 100% Combed Cotton || American Apparel || $40,/shirts/null.png
Dethklok,/shirts/0053-Green.jpg,/shirts/0053-Blue.jpg,DETHKLOK || 2008 Tour || LARGE || 100% Preshrunk Cotton || Anvil || $50,/shirts/null.png
Temposhark,/shirts/0054-Green.jpg,/shirts/0054-Blue.jpg,TEMPOSHARK || MEDIUM || 100% Cotton || Fruit of the Loom || $40,/shirts/null.png
Spoon,/shirts/0055-Green.jpg,/shirts/0055-Blue.jpg,SPOON || MEDIUM || 100% Combed Cotton || American Apparel || $50,/shirts/null.png
Biafra Five-O,/shirts/0056-Green.jpg,/shirts/0056-Blue.jpg,BIAFRA FIVE-O || Jello Biafra's 50th Birthday || LARGE || 100% Preshrunk Cotton || Murina || $60,/shirts/null.png
That 1 Guy and the Magic Pipe,/shirts/0057-Green.jpg,/shirts/0057-Blue.jpg,THAT 1 GUY AND THE MAGIC PIPE || MEDIUM || 100% Combed Cotton || American Apparel || $40,/shirts/null.png
Coheed and Cambria,/shirts/0058-Green.jpg,/shirts/0058-Blue.jpg,COHEED AND CAMBRIA || 2005 Tour || LARGE || 100% Preshrunk Cotton || Hanes || $60,/shirts/null.png
Gogol Bordello,/shirts/0059-Green.jpg,/shirts/0059-Blue.jpg,GOGOL BORDELLO || LARGE || 100% Cotton || Fruit of the Loom || $50,/shirts/null.png
Yoko Ono & Plastic Ono Band,/shirts/0060-Green.jpg,/shirts/0060-Blue.jpg,YOKO ONO & PLASTIC ONO BAND || MEDIUM || 100% Cotton || Chimera Music || $100,/shirts/null.png
Vampire Weekend,/shirts/0061-Green.jpg,/shirts/0061-Blue.jpg,VAMPIRE WEEKEND || MEDIUM || 100% Combed Cotton || American Apparel || $40,/shirts/null.png
Shpongle,/shirts/0062-Green.jpg,/shirts/0062-Blue.jpg,SHPONGLE || Spring Tour 2010 || MEDIUM || 100% Cotton || Alstyle Apparel & Activewear || $50,/shirts/null.png
Melt-Banana,/shirts/0063-Green.jpg,/shirts/0063-Blue.jpg,MELT-BANANA || MEDIUM || 100% Preshrunk Cotton || Anvil || $40,/shirts/null.png
Them Crooked Vultures,/shirts/0064-Green.jpg,/shirts/0064-Blue.jpg,THEM CROOKED VULTURES || Made To Parade 2009 Tour || MEDIUM || 100% Preshrunk Cotton || TCV (brand not listed) || $60,/shirts/null.png
The Mars Volta,/shirts/0065-Green.jpg,/shirts/0065-Blue.jpg,THE MARS VOLTA || MEDIUM || 100% Cotton || Avante || $60,/shirts/null.png
Rodrigo y Gabriela,/shirts/0066-Green.jpg,/shirts/0066-Blue.jpg,RODRIGO Y GABRIELA || 11:11 Tour 2009 || MEDIUM || Unlisted (cotton/blend) || Earth Positive || $40,/shirts/null.png
The Raconteurs,/shirts/0067-Green.jpg,/shirts/0067-Blue.jpg,THE RACONTEURS || LARGE || 100% Combed Cotton || American Apparel || $60,/shirts/null.png
The Moody Blues,/shirts/0068-Green.jpg,/shirts/0068-Blue.jpg,THE MOODY BLUES || 2009 Tour || MEDIUM || 100% Cotton || US Blanks || $40,/shirts/null.png
The World/Inferno Friendship Society,/shirts/0069-Green.jpg,/shirts/0069-Blue.jpg,THE WORLD/INFERNO FRIENDSHIP SOCIETY || MEDIUM || 100% Cotton || Fruit of the Loom || $40,/shirts/null.png
Video Games Live,/shirts/0070-Green.jpg,/shirts/0070-Blue.jpg,VIDEO GAMES LIVE || 2009-2010 World Tour || MEDIUM || 100% Cotton || Apparel Whiz || $40,/shirts/null.png
Mute Math,/shirts/0071-Green.jpg,/shirts/0071-Blue.jpg,MUTE MATH || N/A || Unlisted (cotton/blend) || $40,/shirts/null.png
Barenaked Ladies,/shirts/0072-Green.jpg,/shirts/0072-Blue.jpg,BARENAKED LADIES || Barenaked For The Holidays 2005 || LARGE || 100% Preshrunk Cotton || M&O Knits || $40,/shirts/null.png
The Black Keys,/shirts/0073-Green.jpg,/shirts/0073-Blue.jpg,THE BLACK KEYS || MEDIUM || 100% Combed Cotton || American Apparel || $50,/shirts/null.png
Wolfmother,/shirts/0074-Green.jpg,/shirts/0074-Blue.jpg,WOLFMOTHER || Cosmic Egg 2009-2010 Tour || MEDIUM || 100% Combed Ringspun Cotton || Tultex || $40,/shirts/null.png
Converge,/shirts/0075-Green.jpg,/shirts/0075-Blue.jpg,CONVERGE || LARGE || 100% Combed Cotton || Sun International || $40,/shirts/null.png
Nickel Creek,/shirts/0076-Green.jpg,/shirts/0076-Blue.jpg,NICKEL CREEK || 2005 Tour || LARGE || 100% Combed Cotton || American Apparel || $50,/shirts/null.png
Gogol Bordello,/shirts/0077-Green.jpg,/shirts/0077-Blue.jpg,GOGOL BORDELLO || LARGE || 100% Cotton || Fruit of the Loom || $40,/shirts/null.png
Tenacious D,/shirts/0078-Green.jpg,/shirts/0078-Blue.jpg,TENACIOUS D || Fall 2006 Trek || MEDIUM || 100% Preshrunk Cotton || Gildan || $50,/shirts/null.png
Combichrist,/shirts/0079-Green.jpg,/shirts/0079-Blue.jpg,COMBICHRIST || LARGE || 100% Preshrunk Cotton || Hanes || $40,/shirts/null.png
Live,/shirts/0080-Green.jpg,/shirts/0080-Blue.jpg,LIVE || Black Mountain - White Light World Tour 2006 || LARGE || 100% Preshrunk Cotton || Delta ProWeight || $50,/shirts/null.png
Mac Sabbath,/shirts/0081-Green.jpg,/shirts/0081-Blue.jpg,MAC SABBATH || MEDIUM || 100% Cotton || Fruit of the Loom || $40,/shirts/null.png
Trans-Siberian Orchestra,/shirts/0082-Green.jpg,/shirts/0082-Blue.jpg,TRANS-SIBERIAN ORCHESTRA || Winter Tour 2005 || LARGE || 100% Preshrunk Cotton || Anvil || $50,/shirts/null.png
The Magnetic Fields,/shirts/0083-Green.jpg,/shirts/0083-Blue.jpg,THE MAGNETIC FIELDS || MEDIUM || 50% Combed Cotton 50% Polyester || Royal Apparel || $40,/shirts/null.png
Meshuggah,/shirts/0084-Green.jpg,/shirts/0084-Blue.jpg,MESHUGGAH || Catch ThirtyThree 2005 Tour || LARGE || 100% Preshrunk Cotton || Anvil || $40,/shirts/null.png
Pixies,/shirts/0085-Green.jpg,/shirts/0085-Blue.jpg,PIXIES || MEDIUM || 100% Cotton || PIXIES || $40,/shirts/null.png
Pixies,/shirts/0086-Green.jpg,/shirts/0086-Blue.jpg,PIXIES || MEDIUM || 100% Cotton || PIXIES || $40,/shirts/null.png
Pixies,/shirts/0087-Green.jpg,/shirts/0087-Blue.jpg,PIXIES || Doolittle Tour 2009 || MEDIUM || 100% Ringspun Cotton || Gildan || $50,/shirts/null.png
Nine Inch Nails,/shirts/0088-Green.jpg,/shirts/0088-Blue.jpg,NINE INCH NAILS || Live 2006 || LARGE || 100% Cotton || $60,/shirts/null.png
Nine Inch Nails,/shirts/0089-Green.jpg,/shirts/0089-Blue.jpg,NINE INCH NAILS || Live With Teeth 2005 || LARGE || 100% Cotton || $60,/shirts/null.png
How To Destroy Angels,/shirts/0090-Green.jpg,/shirts/0090-Blue.jpg,HOW TO DESTROY ANGELS || 2013 Tour || SMALL || 100% Preshrunk Ringspun Cotton || HTDA || $70,/shirts/null.png
Nine Inch Nails,/shirts/0091-Green.jpg,/shirts/0091-Blue.jpg,NINE INCH NAILS || Lights In The Sky Over North America 2008 Tour || MEDIUM || 100% Preshrunk Combed Ringspun Cotton || Tultex || $60,/shirts/null.png
PSY,/shirts/0092-Green.jpg,/shirts/0092-Blue.jpg,PSY || SMALL || 90% Preshrunk Ringspun Cotton/10% Polyester || Tultex || $60,/shirts/null.png
Nine Inch Nails,/shirts/0093-Green.jpg,/shirts/0093-Blue.jpg,NINE INCH NAILS || North America 2014 Tour || SMALL || 100% Cotton || Next Level apparel || $60,/shirts/null.png
Nine Inch Nails,/shirts/0094-Green.jpg,,NINE INCH NAILS || 2013 Tour || SMALL || 100% Cotton || Next Level apparel || $60,/shirts/null.png
The Flaming Lips,/shirts/0095-Green.jpg,/shirts/0095-Blue.jpg,THE FLAMING LIPS || MEDIUM || 100% Preshrunk Combed Ringspun Cotton || Tultex || $60,/shirts/null.png
The Swell Season,/shirts/0096-Green.jpg,/shirts/0096-Blue.jpg,THE SWELL SEASON || LARGE || 100% Combed Cotton || American Apparel || $40,/shirts/null.png
Puscifer,/shirts/0097-Green.jpg,/shirts/0097-Blue.jpg,PUSCIFER || Keep It Moving Fall 2009 Tour || MEDIUM || 90% Cotton/10% Polyester || Avante || $50,/shirts/null.png
Yo La Tengo,/shirts/0098-Green.jpg,/shirts/0098-Blue.jpg,YO LA TENGO || SMALL || 100% Cotton || Bay Island Sportswear || $40,/shirts/null.png
Killing Joke,/shirts/0099-Green.jpg,/shirts/0099-Blue.jpg,KILLING JOKE || Absolute Dissent 2010 Tour || XLARGE || 100% Preshrunk Ringspun Cotton || Tultex || $40,/shirts/null.png
Reel Big Fish,/shirts/0100-Green.jpg,/shirts/0100-Blue.jpg,REEL BIG FISH || 20th Anniversary World Tour 2011 || MEDIUM || 100% Preshrunk Cotton || Anvil || $40,/shirts/null.png
The Smashing Pumpkins,/shirts/0101-Green.jpg,/shirts/0101-Blue.jpg,THE SMASHING PUMPKINS || Fillmore San Francisco Residency 2007 || LARGE || 100% Cotton || Drifter || $80,/shirts/null.png
The Legendary Pink Dots,/shirts/0102-Green.jpg,/shirts/0102-Blue.jpg,THE LEGENDARY PINK DOTS || Seconds Late For The Brighton Line 2010 Tour || MEDIUM || 100% Preshrunk Cotton || Anvil || $40,/shirts/null.png
Tom Morello (Rage Against The Machine): The Nightwatchman,/shirts/0103-Green.jpg,/shirts/0103-Blue.jpg,TOM MORELLO (RAGE AGAINST THE MACHINE): THE NIGHTWATCHMAN || Worldwide Rebel Songs 2008 Tour || SMALL || 100% Preshrunk Cotton || Lifewear || $40,/shirts/null.png
The Mars Volta,/shirts/0104-Green.jpg,/shirts/0104-Blue.jpg,THE MARS VOLTA || LARGE || 100% Preshrunk Cotton || Anvil || $50,/shirts/null.png
Rammstein,/shirts/0105-Green.jpg,/shirts/0105-Blue.jpg,RAMMSTEIN || 2011 Tour || MEDIUM || 100% Preshrunk Ringspun Cotton || Anvil || $60,/shirts/null.png
Railroad Revival,/shirts/0106-Green.jpg,/shirts/0106-Blue.jpg,RAILROAD REVIVAL || April 2011 Tour || MEDIUM || 50% Polyester/25% Combed Cotton/25% Rayon || American Apparel || $60,/shirts/null.png
Metalliance,/shirts/0107-Green.jpg,/shirts/0107-Blue.jpg,METALLIANCE || 2011 Tour || MEDIUM || 100% Preshrunk Cotton || Gildan || $40,/shirts/null.png
Swans,/shirts/0108-Green.jpg,/shirts/0108-Blue.jpg,SWANS || 2010/11 World Tour || MEDIUM || 100% Ringspun Cotton || Gildan || $40,/shirts/null.png
Of Montreal,/shirts/0109-Green.jpg,/shirts/0109-Blue.jpg,OF MONTREAL || MEDIUM || 100% Combed Cotton || American Apparel || $40,/shirts/null.png
Nitzer Ebb,/shirts/0110-Green.jpg,/shirts/0110-Blue.jpg,NITZER EBB || Industrial Complex 2009 Tour || MEDIUM || Unlisted (cotton/blend) || CONTROL || $40,/shirts/null.png
Modest Mouse,/shirts/0111-Green.jpg,/shirts/0111-Blue.jpg,MODEST MOUSE || MEDIUM || 100% Combed Cotton || American Apparel || $40,/shirts/null.png
Snow Patrol,/shirts/0112-Green.jpg,/shirts/0112-Blue.jpg,SNOW PATROL || Take Back The Cities 2009 World Tour || MEDIUM || 100% Preshrunk Combed Ringspun Cotton || Tultex || $40,/shirts/null.png
Stereolab,/shirts/0113-Green.jpg,/shirts/0113-Blue.jpg,STEREOLAB || MEDIUM || 90% Combed Cotton/10% Polyester || American Apparel || $40,/shirts/null.png
Opeth,/shirts/0114-Green.jpg,/shirts/0114-Blue.jpg,OPETH || Watershed 2008 Tour || MEDIUM || 100% Cotton || O Merch || $40,/shirts/null.png
The Mars Volta,/shirts/0115-Green.jpg,/shirts/0115-Blue.jpg,THE MARS VOLTA || MEDIUM || 100% Combed Cotton || American Apparel || $50,/shirts/null.png
Apocalyptica,/shirts/0116-Green.jpg,/shirts/0116-Blue.jpg,APOCALYPTICA || 2008 Tour || MEDIUM || 100% Preshrunk Cotton || Gildan || $40,/shirts/null.png
Gogol Bordello,/shirts/0117-Green.jpg,/shirts/0117-Blue.jpg,GOGOL BORDELLO || MEDIUM || 100% Preshrunk Cotton || Anvil || $40,/shirts/null.png
X,/shirts/0118-Green.jpg,/shirts/0118-Blue.jpg,X || Los Angeles 2010 Tour || MEDIUM || 100% Preshrunk Cotton || Gildan || $50,/shirts/null.png
Maynard James Keenan,/shirts/0119-Green.jpg,/shirts/0119-Blue.jpg,MAYNARD JAMES KEENAN || A Curmudgeon's Guide to Divine Collisions and Pythagorean Oenology 2016 Book Tour || MEDIUM || 100% Cotton || Canvas || $60,/shirts/null.png
Treasure Island Music Festival,/shirts/0120-Green.jpg,/shirts/0120-Blue.jpg,TREASURE ISLAND MUSIC FESTIVAL || 2010 || MEDIUM || 100% Cotton || Alternative Apparel || $50,/shirts/null.png
The Flaming Lips,/shirts/0121-Green.jpg,/shirts/0121-Blue.jpg,THE FLAMING LIPS || MEDIUM || 100% Cotton || $50,/shirts/null.png
Red Elvises,/shirts/0122-Green.jpg,/shirts/0122-Blue.jpg,RED ELVISES || MEDIUM || 100% Preshrunk Cotton || Hanes || $30,/shirts/null.png
Primus,/shirts/0123-Green.jpg,/shirts/0123-Blue.jpg,PRIMUS || 2010-2011 New Year's Eve || MEDIUM || 100% Combed Cotton || American Apparel || $60,/shirts/null.png
The New Trust,/shirts/0124-Green.jpg,/shirts/0124-Blue.jpg,THE NEW TRUST || LARGE || 100% Preshrunk Cotton || Gildan || $40,/shirts/null.png
Animal Collective,/shirts/0125-Green.jpg,/shirts/0125-Blue.jpg,ANIMAL COLLECTIVE || MEDIUM || 70% Combed Cotton/30% Polyester || Royal Apparel || $40,/shirts/null.png
Béla Fleck & the Flecktones,/shirts/0126-Green.jpg,/shirts/0126-Blue.jpg,BÉLA FLECK & THE FLECKTONES || MEDIUM || 100% Preshrunk Cotton || Gildan || $40,/shirts/null.png
Danzig,/shirts/0127-Green.jpg,/shirts/0127-Blue.jpg,DANZIG || Blackest Of The Black 2005 Tour || MEDIUM || 100% Cotton || Chaser || $40,/shirts/null.png
Mute Math,/shirts/0128-Green.jpg,/shirts/0128-Blue.jpg,MUTE MATH || LARGE || 100% Combed Cotton || American Apparel || $40,/shirts/null.png
Ratatat,/shirts/0129-Green.jpg,/shirts/0129-Blue.jpg,RATATAT || 2009 Tour || MEDIUM || 100% Combed Cotton || American Apparel || $40,/shirts/null.png
Peeping Tom,/shirts/0130-Green.jpg,/shirts/0130-Blue.jpg,PEEPING TOM || LARGE || 100% Cotton || Fruit of the Loom || $40,/shirts/null.png
Yeah Yeah Yeahs,/shirts/0131-Green.jpg,/shirts/0131-Blue.jpg,YEAH YEAH YEAHS || MEDIUM || 100% Combed Cotton || American Apparel || $50,/shirts/null.png
Flogging Molly,/shirts/0132-Green.jpg,/shirts/0132-Blue.jpg,FLOGGING MOLLY || MEDIUM || 100% Preshrunk Combed Ringspun Cotton || Tultex || $40,/shirts/null.png
Baroness,/shirts/0133-Green.jpg,/shirts/0133-Blue.jpg,BARONESS || North American 2016 Tour || SMALL || 100% Cotton || Canvas || $40,/shirts/null.png
Shpongle,/shirts/0134-Green.jpg,/shirts/0134-Blue.jpg,SHPONGLE || The Shpongletron Experience || MEDIUM || 100% Cotton || Alstyle Apparel & Activewear || $40,/shirts/null.png
Band Of Horses,/shirts/0135-Green.jpg,/shirts/0135-Blue.jpg,BAND OF HORSES || LARGE || 50% Combed Cotton 50% Polyester || American Apparel || $40,/shirts/null.png
Shadows Fall,/shirts/0136-Green.jpg,/shirts/0136-Blue.jpg,SHADOWS FALL || Strhess Tour 2006 || MEDIUM || 50% Cotton/50% Polyester || Fruit of the Loom || $40,/shirts/null.png
Millencolin,/shirts/0137-Green.jpg,/shirts/0137-Blue.jpg,MILLENCOLIN || MEDIUM || 100% Preshrunk Cotton || Gildan || $40,/shirts/null.png
Mindless Self Indulgence,/shirts/0138-Green.jpg,/shirts/0138-Blue.jpg,MINDLESS SELF INDULGENCE || Cursing In Braille 2006 Tour || MEDIUM || 100% Preshrunk Cotton || Murina || $50,/shirts/null.png
Skinny Puppy,/shirts/0139-Green.jpg,/shirts/0139-Blue.jpg,SKINNY PUPPY || Mythrus 2007 Tour || MEDIUM || 100% Cotton || Gildan || $40,/shirts/null.png
Sufjan Stevens,/shirts/0140-Green.jpg,/shirts/0140-Blue.jpg,SUFJAN STEVENS || MEDIUM || 100% Combed Cotton || American Apparel || $40,/shirts/null.png
She Wants Revenge,/shirts/0141-Green.jpg,/shirts/0141-Blue.jpg,SHE WANTS REVENGE || LARGE || 100% Cotton || Pacific || $40,/shirts/null.png
Soilwork,/shirts/0142-Green.jpg,/shirts/0142-Blue.jpg,SOILWORK || Dirty Swedes Done Dirt Cheap 2005 Tour || LARGE || 100% Preshrunk Cotton || Cygnus || $40,/shirts/null.png
Man Man,/shirts/0143-Green.jpg,/shirts/0143-Blue.jpg,MAN MAN || LARGE || 50% Preshrunk Cotton/50% Polyester || Hanes || $30,/shirts/null.png
She Wants Revenge,/shirts/0144-Green.jpg,/shirts/0144-Blue.jpg,SHE WANTS REVENGE || Nylon Summer Music Tour 2008 || LARGE || 100% Cotton || Nylon vs. LNA || $40,/shirts/null.png
Rob Zombie,/shirts/0145-Green.jpg,/shirts/0145-Blue.jpg,ROB ZOMBIE || American Witch 2006 Tour || MEDIUM || 100% Preshrunk Cotton || Anvil || $40,/shirts/null.png
The Swell Season,/shirts/0146-Green.jpg,/shirts/0146-Blue.jpg,THE SWELL SEASON || LARGE || 100% Preshrunk Cotton || Gaziani by Alstyle || $40,/shirts/null.png
The Polyphonic Spree,/shirts/0147-Green.jpg,/shirts/0147-Blue.jpg,THE POLYPHONIC SPREE || The Fragile Army || LARGE || 100% Cotton || Alternative Apparel || $40,/shirts/null.png
Ministry,/shirts/0148-Green.jpg,/shirts/0148-Blue.jpg,MINISTRY || C-U-LaTour 2008 || LARGE || 100% Cotton || Fruit of the Loom || $40,/shirts/null.png
Ben Folds,/shirts/0149-Green.jpg,/shirts/0149-Blue.jpg,BEN FOLDS || Way To Normal 2009 Tour || MEDIUM || 100% Cotton || Pima Apparel || $50,/shirts/null.png
Flogging Molly,/shirts/0150-Green.jpg,/shirts/0150-Blue.jpg,FLOGGING MOLLY || LARGE || 100% Preshrunk Cotton || Alstyle Apparel & Activewear || $40,/shirts/null.png
TV On The Radio,/shirts/0151-Green.jpg,/shirts/0151-Blue.jpg,TV ON THE RADIO || MEDIUM || 100% Combed Cotton || American Apparel || $40,/shirts/null.png
Black Light Burns,/shirts/0152-Green.jpg,/shirts/0152-Blue.jpg,BLACK LIGHT BURNS || MEDIUM || 100% Preshrunk Combed Ringspun Cotton || Tultex || $40,/shirts/null.png
Flogging Molly,/shirts/0153-Green.jpg,/shirts/0153-Blue.jpg,FLOGGING MOLLY || LARGE || 100% Preshrunk Cotton || Alstyle Apparel & Activewear || $40,/shirts/null.png
Foo Fighters,/shirts/0154-Green.jpg,/shirts/0154-Blue.jpg,FOO FIGHTERS || Taylor Hawkins and his Amazing Foo Fighter Orchestra: Acoustic Tour 2006 || LARGE || 100% Preshrunk Cotton || Gildan || $60,/shirts/null.png
Circa Survive,/shirts/0155-Green.jpg,/shirts/0155-Blue.jpg,CIRCA SURVIVE || LARGE || 100% Combed Cotton || American Apparel || $40,/shirts/null.png
Clutch,/shirts/0156-Green.jpg,/shirts/0156-Blue.jpg,CLUTCH || 2008 Tour || LARGE || 100% Preshrunk Cotton || Anvil || $40,/shirts/null.png
Datarock,/shirts/0157-Green.jpg,/shirts/0157-Blue.jpg,DATAROCK || MEDIUM || 100% Cotton || International Toy Pirates || $40,/shirts/null.png
Porcupine Tree,/shirts/0158-Green.jpg,/shirts/0158-Blue.jpg,PORCUPINE TREE || The Incident 2009 Tour || MEDIUM || 100% Preshrunk Cotton || Gildan || $40,/shirts/null.png
Anamanaguchi,/shirts/0159-Green.jpg,/shirts/0159-Blue.jpg,ANAMANAGUCHI || MEDIUM || 100% Combed Cotton || American Apparel || $40,/shirts/null.png
Savages,/shirts/0160-Green.jpg,/shirts/0160-Blue.jpg,SAVAGES || SMALL || 100% Combed Cotton || American Apparel || $40,/shirts/null.png
Gogol Bordello,/shirts/0161-Green.jpg,/shirts/0161-Blue.jpg,GOGOL BORDELLO || Mishto United 2008 || MEDIUM || 100% Cotton || Alternative Apparel || $40,/shirts/null.png
Refused,/shirts/0162-Green.jpg,/shirts/0162-Blue.jpg,REFUSED || SMALL || 100% Organic Cotton || Royal Apparel || $40,/shirts/null.png
Outside Lands Music & Arts Festival,/shirts/0163-Green.jpg,/shirts/0163-Blue.jpg,OUTSIDE LANDS MUSIC & ARTS FESTIVAL || 2009 || MEDIUM || 100% Organic Cotton || Alternative Apparel || $50,/shirts/null.png
The Fuxedos,/shirts/0164-Green.jpg,/shirts/0164-Blue.jpg,THE FUXEDOS || MEDIUM || 100% Cotton || Bay Island Sportswear || $30,/shirts/null.png
Woodhands,/shirts/0165-Green.jpg,/shirts/0165-Blue.jpg,WOODHANDS || MEDIUM || 100% Combed Cotton || American Apparel || $30,/shirts/null.png
Joe Satriani,/shirts/0166-Green.jpg,/shirts/0166-Blue.jpg,JOE SATRIANI || Wormhole Tour || MEDIUM || 100% Preshrunk Cotton || Hanes || $40,/shirts/null.png
The Crystal Method,/shirts/0167-Green.jpg,/shirts/0167-Blue.jpg,THE CRYSTAL METHOD || Divided By Night 2009 Tour || SMALL || Unlisted (cotton/blend) || YST || $40,/shirts/null.png
The Mars Volta,/shirts/0168-Green.jpg,/shirts/0168-Blue.jpg,THE MARS VOLTA || LARGE || 90% Combed Cotton/10% Polyester || Royal Apparel || $50,/shirts/null.png
The Real McKenzies,/shirts/0169-Green.jpg,/shirts/0169-Blue.jpg,THE REAL MCKENZIES || LARGE || 100% Preshrunk Cotton || Anvil || $40,/shirts/null.png
M. Ward,/shirts/0170-Green.jpg,/shirts/0170-Blue.jpg,M. WARD || MEDIUM || 50% Polyester/38% Cotton/12% Rayon || Alternative Apparel || $40,/shirts/null.png
Amon Amarth,/shirts/0171-Green.jpg,/shirts/0171-Blue.jpg,AMON AMARTH || North American 2016 Tour || SMALL || 100% Cotton || Gildan || $40,/shirts/null.png
The Shins,/shirts/0172-Green.jpg,/shirts/0172-Blue.jpg,THE SHINS || MEDIUM || 100% Cotton || Rock1 || $40,/shirts/null.png
Gogol Bordello,/shirts/0173-Green.jpg,/shirts/0173-Blue.jpg,GOGOL BORDELLO || LARGE || 100% Combed Cotton || American Apparel || $40,/shirts/null.png
The Smashing Pumpkins,/shirts/0174-Green.jpg,/shirts/0174-Blue.jpg,THE SMASHING PUMPKINS || 2007 Tour || LARGE || 100% Preshrunk Cotton || Anvil || $50,/shirts/null.png
Secret Chiefs 3,/shirts/0175-Green.jpg,/shirts/0175-Blue.jpg,SECRET CHIEFS 3 || MEDIUM || 100% Cotton || Fruit of the Loom || $40,/shirts/null.png
Ween,/shirts/0176-Green.jpg,/shirts/0176-Blue.jpg,WEEN || January 2011 Tour || MEDIUM || 100% Preshrunk Cotton || Anvil || $80,/shirts/null.png
Meat Beat Manifesto,/shirts/0177-Green.jpg,/shirts/0177-Blue.jpg,MEAT BEAT MANIFESTO || MEDIUM || 100% Preshrunk Ringspun Cotton || Tultex || $40,/shirts/null.png
Godspeed You! Black Emperor,/shirts/0178-Green.jpg,/shirts/0178-Blue.jpg,GODSPEED YOU! BLACK EMPEROR || Allelujah Don't Bend Ascend || MEDIUM || Unlisted (cotton/blend) || Alternative Earth || $40,/shirts/null.png
Apocalyptica,/shirts/0179-Green.jpg,/shirts/0179-Blue.jpg,APOCALYPTICA || Shadowmaker 2016 Tour || SMALL || 100% Preshrunk Ringspun Cotton || Tultex || $40,/shirts/null.png
Sonic Youth,/shirts/0180-Green.jpg,/shirts/0180-Blue.jpg,SONIC YOUTH || MEDIUM || 100% Combed Cotton || Royal Apparel || $50,/shirts/null.png
The Faint,/shirts/0181-Green.jpg,/shirts/0181-Blue.jpg,THE FAINT || MEDIUM || 100% Cotton || $40,/shirts/null.png
Titus Andronicus,/shirts/0182-Green.jpg,/shirts/0182-Blue.jpg,TITUS ANDRONICUS || TMLT Across America 2015 Tour || SMALL || 100% Combed Cotton || American Apparel || $40,/shirts/null.png
Dredg,/shirts/0183-Green.jpg,/shirts/0183-Blue.jpg,DREDG || LARGE || 90% Preshrunk Combed Ringspun Cotton/10% Polyester || Tultex || $40,/shirts/null.png
Prince,/shirts/0184-Green.jpg,/shirts/0184-Blue.jpg,PRINCE || Piano & A Microphone || SMALL || 100% Cotton || Canvas || $100,/shirts/null.png
The Mars Volta,/shirts/0185-Green.jpg,/shirts/0185-Blue.jpg,THE MARS VOLTA || LARGE || 100% Preshrunk Cotton || Alstyle Apparel & Activewear || $60,/shirts/null.png
Death Grips,/shirts/0186-Green.jpg,/shirts/0186-Blue.jpg,DEATH GRIPS || 2015 North American Tour || MEDIUM || 100% Cotton || Gildan || $60,/shirts/null.png
The Jesus and Mary Chain,/shirts/0187-Green.jpg,/shirts/0187-Blue.jpg,THE JESUS AND MARY CHAIN || LARGE || 100% Cotton || Gildan || $40,/shirts/null.png
tUnE-yArDs,/shirts/0188-Green.jpg,/shirts/0188-Blue.jpg,TUNE-YARDS || SMALL || 100% Preshrunk Ringspun Cotton || Anvil || $40,/shirts/null.png
Sonata Arctica,/shirts/0189-Green.jpg,/shirts/0189-Blue.jpg,SONATA ARCTICA || North American 2016 Tour || SMALL || 100% Cotton || Gildan || $40,/shirts/null.png
Owl City,/shirts/0190-Green.jpg,/shirts/0190-Blue.jpg,OWL CITY || Spring Tour 2010 || MEDIUM || Unlisted (cotton/blend) || Owl Eyes (Owl City Merch) || $50,/shirts/null.png
OM,/shirts/0191-Green.jpg,/shirts/0191-Blue.jpg,OM || MEDIUM || 100% Preshrunk Cotton || Gildan || $40,/shirts/null.png
Generation Axe,/shirts/0192-Green.jpg,/shirts/0192-Blue.jpg,GENERATION AXE || 2016 Tour || SMALL || 100% Preshrunk Cotton || District || $50,/shirts/null.png
'Weird Al' Yankovic,/shirts/0193-Green.jpg,/shirts/0193-Blue.jpg,'WEIRD AL' YANKOVIC || Alpocalypse Tour 2011 || MEDIUM || 100% Preshrunk Cotton || Anvil || $50,/shirts/null.png
Titus Andronicus,/shirts/0194-Green.jpg,/shirts/0194-Blue.jpg,TITUS ANDRONICUS || SMALL || 100% Combed Cotton || American Apparel || $40,/shirts/null.png
GWAR,/shirts/0195-Green.jpg,/shirts/0195-Blue.jpg,GWAR || Lust In Space 2009-2010 Tour || MEDIUM || 100% Preshrunk Cotton || Anvil || $40,/shirts/null.png
The Mars Volta,/shirts/0196-Green.jpg,/shirts/0196-Blue.jpg,THE MARS VOLTA || LARGE || 100% Combed Ringspun Cotton || Tultex || $60,/shirts/null.png
The Residents,/shirts/0197-Green.jpg,/shirts/0197-Blue.jpg,THE RESIDENTS || Shadowland North America 2016 || SMALL || 100% Cotton || Gildan || $40,/shirts/null.png
Laibach,/shirts/0198-Green.jpg,/shirts/0198-Blue.jpg,LAIBACH || We Come In Peace: North America Tour 2015 || SMALL || 100% Preshrunk Cotton || Hanes || $40,/shirts/null.png
Strawberry Girls,/shirts/0199-Green.jpg,/shirts/0199-Blue.jpg,STRAWBERRY GIRLS || SMALL || 100% Ringspun Cotton || Tultex || $40,/shirts/null.png
Primus,/shirts/0200-Green.jpg,/shirts/0200-Blue.jpg,PRIMUS || New Year's Eve 2012: Hawaiian Hukilau || MEDIUM || 50% Combed Cotton/50% Polyester || American Apparel || $60,/shirts/null.png
Chelsea Wolfe,/shirts/0201-Green.jpg,/shirts/0201-Blue.jpg,CHELSEA WOLFE || SMALL || 100% Cotton || Next Level apparel || $40,/shirts/null.png
The Darkness,/shirts/0202-Green.jpg,/shirts/0202-Blue.jpg,THE DARKNESS || SMALL || 100% Preshrunk Ringspun Cotton || Tultex || $40,/shirts/null.png
Trans-Siberian Orchestra,/shirts/0203-Green.jpg,/shirts/0203-Blue.jpg,TRANS-SIBERIAN ORCHESTRA || 2015 Tour || SMALL || 100% Cotton || Gildan || $50,/shirts/null.png
That 1 Guy and the Magic Pipe,/shirts/0204-Green.jpg,/shirts/0204-Blue.jpg,THAT 1 GUY AND THE MAGIC PIPE || Mustaches & Laser Beams || SMALL || 100% Preshrunk Ringspun Cotton || Anvil || $40,/shirts/null.png
Justice,/shirts/0205-Green.jpg,/shirts/0205-Blue.jpg,JUSTICE || World Tour 2012 || SMALL || 100% Preshrunk Cotton || Gildan || $50,/shirts/null.png
Godspeed You! Black Emperor,/shirts/0206-Green.jpg,/shirts/0206-Blue.jpg,GODSPEED YOU! BLACK EMPEROR || We Could Not Pass In Their World / Their World Was Destroyed' || SMALL || Unlisted (cotton/blend) || Alternative || $40,/shirts/null.png
Alice Cooper,/shirts/0207-Green.jpg,/shirts/0207-Blue.jpg,ALICE COOPER || Raise The Dead 2012/2013 Tour || SMALL || 100% Cotton || Hanes || $50,/shirts/null.png
Kamasi Washington,/shirts/0208-Green.jpg,/shirts/0208-Blue.jpg,KAMASI WASHINGTON || SMALL || 100% Cotton || Canvas || $40,/shirts/null.png
Royal Thunder,/shirts/0209-Green.jpg,/shirts/0209-Blue.jpg,ROYAL THUNDER || SMALL || 100% Cotton || Gildan || $40,/shirts/null.png
Festival of the Golden Gate,/shirts/0210-Green.jpg,/shirts/0210-Blue.jpg,FESTIVAL OF THE GOLDEN GATE || 2006 || SMALL || 100% Preshrunk Cotton || Port and Company || $40,/shirts/null.png
Die Roten Punkte,/shirts/0211-Green.jpg,/shirts/0211-Blue.jpg,DIE ROTEN PUNKTE || SMALL || 100% Preshrunk Cotton || Gildan || $40,/shirts/null.png
Festival of the Golden Gate,/shirts/0212-Green.jpg,/shirts/0212-Blue.jpg,FESTIVAL OF THE GOLDEN GATE || 2006 || MEDIUM || 100% Preshrunk Cotton || Port and Company || $40,/shirts/null.png
Loreena McKennitt,/shirts/0213-Green.jpg,/shirts/0213-Blue.jpg,LOREENA MCKENNITT || Troubadours on the Rhine (A Trio Performance) 2016 Tour || SMALL || 100% Cotton || Gildan || $40,/shirts/null.png
Sleater-Kinney,/shirts/0214-Green.jpg,/shirts/0214-Blue.jpg,SLEATER-KINNEY || No Cities To Love 2015 Tour || SMALL || 100% Combed Cotton || American Apparel || $40,/shirts/null.png
Peelander-Z,/shirts/0215-Green.jpg,/shirts/0215-Blue.jpg,PEELANDER-Z || MEDIUM || 100% Cotton || Fruit of the Loom || $40,/shirts/null.png
A Perfect Circle,/shirts/0216-Green.jpg,/shirts/0216-Blue.jpg,A PERFECT CIRCLE || 2010 Tour (eMOTIVe) || MEDIUM || 100% Cotton || Bay Island Sportswear || $70,/shirts/null.png
Carina Round,/shirts/0217-Green.jpg,/shirts/0217-Blue.jpg,CARINA ROUND || SMALL || 100% Preshrunk Ringspun Cotton || Tultex || $40,/shirts/null.png
Blackfield,/shirts/0218-Green.jpg,/shirts/0218-Blue.jpg,BLACKFIELD || Welcome To My DNA || MEDIUM || 100% Preshrunk Cotton || Gildan || $40,/shirts/null.png
Carina Round,/shirts/0219-Green.jpg,/shirts/0219-Blue.jpg,CARINA ROUND || SMALL || 50% Combed Cotton/50% Polyester || American Apparel || $40,/shirts/null.png
A Perfect Circle,/shirts/0220-Green.jpg,/shirts/0220-Blue.jpg,A PERFECT CIRCLE || 2010 Tour (Thirteenth Step) || MEDIUM || 100% Cotton || Bay Island Sportswear || $70,/shirts/null.png
The Faint,/shirts/0221-Green.jpg,/shirts/0221-Blue.jpg,THE FAINT || LARGE || 50% Polyester/25% Combed Cotton/25% Rayon || American Apparel || $40,/shirts/null.png
Arcade Fire,/shirts/0222-Green.jpg,/shirts/0222-Blue.jpg,ARCADE FIRE || North American 2010 Tour || MEDIUM || 100% Combed Cotton || American Apparel || $60,/shirts/null.png
DragonForce,/shirts/0223-Green.jpg,/shirts/0223-Blue.jpg,DRAGONFORCE || SMALL || 100% Cotton || Alstyle Apparel & Activewear || $40,/shirts/null.png
Marketa Irglova,/shirts/0224-Green.jpg,/shirts/0224-Blue.jpg,MARKETA IRGLOVA || ANAR || MEDIUM || 100% Cotton || Fruit of the Loom || $40,/shirts/null.png
The Stone Foxes,/shirts/0225-Green.jpg,/shirts/0225-Blue.jpg,THE STONE FOXES || LARGE || 100% Preshrunk Ringspun Cotton || Tultex || $40,/shirts/null.png
A Perfect Circle,/shirts/0226-Green.jpg,/shirts/0226-Blue.jpg,A PERFECT CIRCLE || 2010 Tour (Mer de Noms) || MEDIUM || 100% Cotton || Bay Island Sportswear || $70,/shirts/null.png
Sigur Rós,/shirts/0227-Green.jpg,/shirts/0227-Blue.jpg,SIGUR RÓS || LARGE || 100% Combed Cotton || American Apparel || $50,/shirts/null.png
X Japan,/shirts/0228-Green.jpg,/shirts/0228-Blue.jpg,X JAPAN || North America 2010 Tour || MEDIUM || 100% Cotton || Bay Island Sportswear || $40,/shirts/null.png
The Presidents Of The United States Of America,/shirts/0229-Green.jpg,/shirts/0229-Blue.jpg,THE PRESIDENTS OF THE UNITED STATES OF AMERICA || Self Titled US Tour 2013 || SMALL || 100% Cotton || Canvas || $50,/shirts/null.png
Dream Theater,/shirts/0230-Green.jpg,/shirts/0230-Blue.jpg,DREAM THEATER || Progressive Nation 2008 || LARGE || 100% Preshrunk Cotton || Anvil || $50,/shirts/null.png
Spoek Mathambo,/shirts/0231-Green.jpg,/shirts/0231-Blue.jpg,SPOEK MATHAMBO || MEDIUM || 50% Combed Cotton/50% Polyester || American Apparel || $40,/shirts/null.png
Peter Hook & The Light,/shirts/0232-Green.jpg,/shirts/0232-Blue.jpg,PETER HOOK & THE LIGHT || Unknown Pleasures North America 2010 Tour || MEDIUM || 100% Preshrunk Cotton || Hanes || $40,/shirts/null.png
Future Of The Left,/shirts/0233-Green.jpg,/shirts/0233-Blue.jpg,FUTURE OF THE LEFT || SMALL || 100% Preshrunk Ringspun Cotton || Tultex || $40,/shirts/null.png
deadmau5,/shirts/0234-Green.jpg,/shirts/0234-Blue.jpg,DEADMAU5 || Lots Of Shows In A Row 2017 Tour || SMALL || 100% Cotton || $60,/shirts/null.png
Amanda Palmer,/shirts/0235-Green.jpg,/shirts/0235-Blue.jpg,AMANDA PALMER || WOMEN'S LARGE || 100% Combed Cotton || American Apparel || $40,/shirts/null.png
Hamilton: An American Musical,/shirts/0236-Green.jpg,/shirts/0236-Blue.jpg,HAMILTON: AN AMERICAN MUSICAL || San Francisco Tour || SMALL || 100% Cotton || Creative Goods || $60,/shirts/null.png
Sigur Rós,/shirts/0237-Green.jpg,/shirts/0237-Blue.jpg,SIGUR RÓS || Walt Disney Concert Hall 2017 Residency (w/LA Philharmonic Orchestra) || SMALL || 100% Cotton || Canvas || $70,/shirts/null.png
Amanda Palmer and the Grand Theft Orchestra,/shirts/0238-Green.jpg,/shirts/0238-Blue.jpg,AMANDA PALMER AND THE GRAND THEFT ORCHESTRA || 2012 Tour || SMALL || 100% Preshrunk Cotton || Anvil || $40,/shirts/null.png
fun.,/shirts/0239-Green.jpg,/shirts/0239-Blue.jpg,FUN. || Out In Your Town Tour 2013 || SMALL || 50% Polyester/25% Cotton/25% Rayon || Next Level apparel || $60,/shirts/null.png
Art Brut,/shirts/0240-Green.jpg,/shirts/0240-Blue.jpg,ART BRUT || SMALL || 100% Combed Cotton || American Apparel || $40,/shirts/null.png
They Might Be Giants,/shirts/0241-Green.jpg,/shirts/0241-Blue.jpg,THEY MIGHT BE GIANTS || 2011 Tour || MEDIUM || 100% Cotton || Fruit of the Loom || $40,/shirts/null.png
Rancid / Cock Sparrer,/shirts/0242-Green.jpg,/shirts/0242-Blue.jpg,RANCID / COCK SPARRER || San Francisco Belongs To Us' Warfield Residency || MEDIUM || 100% Preshrunk Cotton || Gildan || $50,/shirts/null.png
Caravan Palace,/shirts/0243-Green.jpg,/shirts/0243-Blue.jpg,CARAVAN PALACE || SMALL || 100% Preshrunk Ringspun Cotton || Tultex || $40,/shirts/null.png
Swans,/shirts/0244-Green.jpg,/shirts/0244-Blue.jpg,SWANS || WOMEN'S LARGE || Preshrunk 65% Polyester/35% Ringspun Cotton || Tultex || $40,/shirts/null.png
MC Lars,/shirts/0245-Green.jpg,/shirts/0245-Blue.jpg,MC LARS || MEDIUM || 100% Preshrunk Cotton || Gildan || $40,/shirts/null.png
Yann Tiersen,/shirts/0246-Green.jpg,/shirts/0246-Blue.jpg,YANN TIERSEN || SMALL || 60% Cotton/40% Polyester || Continental || $40,/shirts/null.png
Sigur Rós,/shirts/0247-Green.jpg,/shirts/0247-Blue.jpg,SIGUR RÓS || Spring Tour 2013 || SMALL || 50% Combed Cotton/50% Polyester || American Apparel || $50,/shirts/null.png
Ours,/shirts/0248-Green.jpg,/shirts/0248-Blue.jpg,OURS || WOMEN'S LARGE || 100% Cotton || Alternative Apparel || $40,/shirts/null.png
Mute Math,/shirts/0249-Green.jpg,/shirts/0249-Blue.jpg,MUTE MATH || Odd Soul 2012 Tour || MEDIUM || Preshrunk 65% Polyester/35% Ringspun Cotton || Tultex || $40,/shirts/null.png
Florence + The Machine,/shirts/0250-Green.jpg,/shirts/0250-Blue.jpg,FLORENCE + THE MACHINE || MEDIUM || 100% Preshrunk Cotton || Gildan || $50,/shirts/null.png
Flight of the Conchords,/shirts/0251-Green.jpg,/shirts/0251-Blue.jpg,FLIGHT OF THE CONCHORDS || North American Tour 2016 || SMALL || Preshrunk 65% Polyester/35% Ringspun Cotton || Tultex || $50,/shirts/null.png
Ladytron,/shirts/0252-Green.jpg,/shirts/0252-Blue.jpg,LADYTRON || MEDIUM || 100% Cotton || Next Level apparel || $40,/shirts/null.png
Butthole Surfers,/shirts/0253-Green.jpg,/shirts/0253-Blue.jpg,BUTTHOLE SURFERS || SMALL || 100% Preshrunk Cotton || Gildan || $40,/shirts/null.png
Shpongle,/shirts/0254-Green.jpg,/shirts/0254-Blue.jpg,SHPONGLE || Alive In Concert 2011: Halloween In America || MEDIUM || 100% Cotton || Alstyle Apparel & Activewear || $60,/shirts/null.png
VAST,/shirts/0255-Green.jpg,/shirts/0255-Blue.jpg,VAST || LARGE || 100% Ringspun Cotton || Hanes || $40,/shirts/null.png
Patrick Watson,/shirts/0256-Green.jpg,/shirts/0256-Blue.jpg,PATRICK WATSON || SMALL || 100% Combed Cotton || American Apparel || $40,/shirts/null.png
Devin Townsend,/shirts/0257-Green.jpg,/shirts/0257-Blue.jpg,DEVIN TOWNSEND || Epic Kings & Idols: North America 2012 Tour || SMALL || 100% Preshrunk Cotton || Anvil || $40,/shirts/null.png
Walk Off The Earth,/shirts/0258-Green.jpg,/shirts/0258-Blue.jpg,WALK OFF THE EARTH || MEDIUM || 50% Cotton/50% Polyester || Bay Island Sportswear || $40,/shirts/null.png
Andrew W.K.,/shirts/0259-Green.jpg,/shirts/0259-Blue.jpg,ANDREW W.K. || Ten Years Of Partying: Anniversary World Tour 2012 || MEDIUM || 100% Cotton || Bay Island Sportswear || $40,/shirts/null.png
The Avengers,/shirts/0260-Green.jpg,/shirts/0260-Blue.jpg,THE AVENGERS || WOMEN'S LARGE || Preshrunk 100% Ringspun Cotton || Tultex || $40,/shirts/null.png
The Adicts,/shirts/0261-Green.jpg,/shirts/0261-Blue.jpg,THE ADICTS || All The Young Droogs 2012 Tour || MEDIUM || Preshrunk 100% Ringspun Cotton || Anvil || $40,/shirts/null.png
Sparks,/shirts/0262-Green.jpg,/shirts/0262-Blue.jpg,SPARKS || Two Hands One Mouth Tour || SMALL || 100% Preshrunk Cotton || Gildan || $40,/shirts/null.png
Anamanaguchi,/shirts/0263-Green.jpg,/shirts/0263-Blue.jpg,ANAMANAGUCHI || SMALL || 50% Combed Cotton/50% Polyester || American Apparel || $50,/shirts/null.png
Cinquanta: 50 Years of Maynard James Keenan,/shirts/0264-Green.jpg,/shirts/0264-Blue.jpg,CINQUANTA: 50 YEARS OF MAYNARD JAMES KEENAN || Puscifer / A Perfect Circle / Failure || SMALL || Preshrunk 100% Ringspun Cotton || Tultex || $100,/shirts/null.png
Swans,/shirts/0265-Green.jpg,/shirts/0265-Blue.jpg,SWANS || The Seer || MEDIUM || Preshrunk 100% Ringspun Cotton || Tultex || $40,/shirts/null.png
Failure,/shirts/0266-Green.jpg,/shirts/0266-Blue.jpg,FAILURE || Tree Of Stars 2014 Tour || SMALL || 50% Polyester/25% Cotton/25% Rayon || Next Level apparel || $40,/shirts/null.png
Red Elvises,/shirts/0267-Green.jpg,/shirts/0267-Blue.jpg,RED ELVISES || LARGE || 100% Preshrunk Cotton || Hanes || $30,/shirts/null.png
SF Sketchfest,/shirts/0268-Green.jpg,/shirts/0268-Blue.jpg,SF SKETCHFEST || 2012 San Francisco Comedy Festival || MEDIUM || 100% Cotton || Canvas || $40,/shirts/null.png
The Smashing Pumpkins,/shirts/0269-Green.jpg,/shirts/0269-Blue.jpg,THE SMASHING PUMPKINS || Zeitgeist 4:20 || MEDIUM || 100% Preshrunk Cotton || Anvil || $40,/shirts/null.png
of Montreal,/shirts/0270-Green.jpg,/shirts/0270-Blue.jpg,OF MONTREAL || Paralytic Stalks || MEDIUM || 100% Preshrunk Cotton || Gildan || $40,/shirts/null.png
Quicksand,/shirts/0271-Green.jpg,/shirts/0271-Blue.jpg,QUICKSAND || Winter Tour 2013 || SMALL || 100% Cotton || $40,/shirts/null.png
Bush,/shirts/0272-Green.jpg,/shirts/0272-Blue.jpg,BUSH || 2015 Winter Tour || SMALL || 55% Cotton/45% Polyester || Canvas || $40,/shirts/null.png
Broken Lizard (of Super Troopers fame),/shirts/0273-Green.jpg,,BROKEN LIZARD (OF SUPER TROOPERS FAME) || Live Tour 2009 || MEDIUM || 100% Combed Ringspun Cotton || Tultex || $40,/shirts/null.png
Bent Knee,/shirts/0274-Green.jpg,/shirts/0274-Blue.jpg,BENT KNEE || SMALL || Preshrunk 100% Ringspun Cotton || Tultex || $40,/shirts/null.png
Yes,/shirts/0275-Green.jpg,/shirts/0275-Blue.jpg,YES || Tour 2011 || MEDIUM || 100% Cotton || Bay Island Sportswear || $50,/shirts/null.png
Walk Off The Earth,/shirts/0276-Green.jpg,/shirts/0276-Blue.jpg,WALK OFF THE EARTH || SMALL || Preshrunk 100% Ringspun Cotton || Tultex || $40,/shirts/null.png
Radiohead,/shirts/0277-Green.jpg,/shirts/0277-Blue.jpg,RADIOHEAD || XENDLESS XUBURBIA || LARGE || 100% Organic Cotton || $100,/shirts/null.png
Reel Big Fish,/shirts/0278-Green.jpg,/shirts/0278-Blue.jpg,REEL BIG FISH || Summer Of Ska 2012 || SMALL || 100% Preshrunk Cotton || Anvil || $40,/shirts/null.png
The Wailers,/shirts/0279-Green.jpg,/shirts/0279-Blue.jpg,THE WAILERS || MEDIUM || 100% Preshrunk Cotton || Gildan || $40,/shirts/null.png
Rob Zombie,/shirts/0280-Green.jpg,/shirts/0280-Blue.jpg,ROB ZOMBIE || 2014 Tour || MEDIUM || 100% Cotton || Hanes || $40,/shirts/null.png
Green Day,/shirts/0281-Green.jpg,/shirts/0281-Blue.jpg,GREEN DAY || 21st Century Breakdown || MEDIUM || 100% Preshrunk Cotton || Anvil || $60,/shirts/null.png
Peter Hook & The Light,/shirts/0282-Green.jpg,/shirts/0282-Blue.jpg,PETER HOOK & THE LIGHT || A Celebration of Joy Division: North American Tour 2011 || MEDIUM || 100% Cotton || Alstyle Apparel & Activewear || $40,/shirts/null.png
Jean-Michel Jarre,/shirts/0283-Green.jpg,/shirts/0283-Blue.jpg,JEAN-MICHEL JARRE || Electronica North American Tour 2017 || SMALL || Unlisted (cotton/blend)/A || $50,/shirts/null.png
The Dreaming (Stabbing Westward),/shirts/0284-Green.jpg,/shirts/0284-Blue.jpg,THE DREAMING (STABBING WESTWARD) || Rise Again || SMALL || 100% Cotton || Alstyle Apparel & Activewear || $40,/shirts/null.png
Lee 'Scratch' Perry,/shirts/0285-Green.jpg,/shirts/0285-Blue.jpg,LEE 'SCRATCH' PERRY || The King Of Dub || LARGE || 100% Preshrunk Cotton || Gildan || $40,/shirts/null.png
Red Baraat,/shirts/0286-Green.jpg,/shirts/0286-Blue.jpg,RED BARAAT || SMALL || Preshrunk 100% Ringspun Cotton || Anvil || $40,/shirts/null.png
Cake,/shirts/0287-Green.jpg,/shirts/0287-Blue.jpg,CAKE || MEDIUM || 90% Combed Cotton/10% Polyester || American Apparel || $40,/shirts/null.png
Dwarves,/shirts/0288-Green.jpg,/shirts/0288-Blue.jpg,DWARVES || 25 Years: The Dwarves Are Born Again || MEDIUM || 100% Cotton || Alstyle Apparel & Activewear || $40,/shirts/null.png
Peelander-Z,/shirts/0289-Green.jpg,/shirts/0289-Blue.jpg,PEELANDER-Z || SMALL || 100% Cotton || Alstyle Apparel & Activewear || $40,/shirts/null.png
DEVO,/shirts/0290-Green.jpg,/shirts/0290-Blue.jpg,DEVO || Tour 2011 || MEDIUM || 100% Cotton || Startee || $50,/shirts/null.png
Low,/shirts/0291-Green.jpg,/shirts/0291-Blue.jpg,LOW || MEDIUM || 100% Combed Cotton || American Apparel || $40,/shirts/null.png
She Wants Revenge,/shirts/0292-Green.jpg,/shirts/0292-Blue.jpg,SHE WANTS REVENGE || Valleyheart Tour 2011 || MEDIUM || 100% Cotton || Bay Island Sportswear || $40,/shirts/null.png
ANTEMASQUE,/shirts/0293-Green.jpg,/shirts/0293-Blue.jpg,ANTEMASQUE || SMALL || 100% Combed Cotton || American Apparel || $50,/shirts/null.png
Megadeth,/shirts/0294-Green.jpg,/shirts/0294-Blue.jpg,MEGADETH || United Abominations Tour of Duty 2007 || LARGE || 100% Preshrunk Cotton || Anvil || $40,/shirts/null.png
Fuck Buttons,/shirts/0295-Green.jpg,/shirts/0295-Blue.jpg,FUCK BUTTONS || SMALL || 100% Combed Cotton || American Apparel || $40,/shirts/null.png
Fucked Up,/shirts/0296-Green.jpg,/shirts/0296-Blue.jpg,FUCKED UP || Queen Of Hearts (David Comes To Life) || SMALL || Unlisted (cotton/blend)/A || Peace and Cotton || $40,/shirts/null.png
Massive Attack,/shirts/0297-Green.jpg,/shirts/0297-Blue.jpg,MASSIVE ATTACK || Heligoland || MEDIUM || 100% Combed Cotton || American Apparel || $40,/shirts/null.png
Outside Lands Music & Arts Festival,/shirts/0298-Green.jpg,/shirts/0298-Blue.jpg,OUTSIDE LANDS MUSIC & ARTS FESTIVAL || 2012 || MEDIUM || 100% Organic Cotton || Anvil || $50,/shirts/null.png
clipping.,/shirts/0299-Green.jpg,/shirts/0299-Blue.jpg,CLIPPING. || MEDIUM || 100% Combed Cotton || Royal Apparel || $40,/shirts/null.png
Puscifer,/shirts/0300-Green.jpg,/shirts/0300-Blue.jpg,PUSCIFER || Conditions Of My Parole Tour 2011 || MEDIUM || 65% Polyester/35% Cotton || Next Level apparel || $50,/shirts/null.png
DragonForce,/shirts/0301-Green.jpg,/shirts/0301-Blue.jpg,DRAGONFORCE || Maximum Overload North America 2015 || SMALL || Preshrunk 100% Ringspun Cotton || Tultex || $40,/shirts/null.png
Cat Power,/shirts/0302-Green.jpg,/shirts/0302-Blue.jpg,CAT POWER || LARGE || 100% Combed Cotton || American Apparel || $40,/shirts/null.png
Jónsi (Sigur Rós),/shirts/0303-Green.jpg,/shirts/0303-Blue.jpg,JÓNSI (SIGUR RÓS) || MEDIUM || 100% Organic Cotton || Earth Positive || $50,/shirts/null.png
Sparks,/shirts/0304-Green.jpg,/shirts/0304-Blue.jpg,SPARKS || SMALL || 100% Cotton || Gildan || $40,/shirts/null.png
Andrew W.K.,/shirts/0305-Green.jpg,/shirts/0305-Blue.jpg,ANDREW W.K. || The Party Never Dies: Live in Concert with His Full Band 2017 || SMALL || Preshrunk 100% Ringspun Cotton || Tultex || $40,/shirts/null.png
Neutral Milk Hotel,/shirts/0306-Green.jpg,/shirts/0306-Blue.jpg,NEUTRAL MILK HOTEL || SMALL || 50% Polyester/25% Combed Cotton/25% Rayon || American Apparel || $60,/shirts/null.png
Faith No More,/shirts/0307-Green.jpg,/shirts/0307-Blue.jpg,FAITH NO MORE || SMALL || 100% Ringspun Cotton || Anvil || $50,/shirts/null.png
Sigur Rós,/shirts/0308-Green.jpg,/shirts/0308-Blue.jpg,SIGUR RÓS || SMALL || 100% Cotton || Canvas || $50,/shirts/null.png
The Magnetic Fields,/shirts/0309-Green.jpg,/shirts/0309-Blue.jpg,THE MAGNETIC FIELDS || MEDIUM || 100% Combed Cotton || American Apparel || $40,/shirts/null.png
John Carpenter,/shirts/0310-Green.jpg,/shirts/0310-Blue.jpg,JOHN CARPENTER || Live Retrospectove 2016 Tour || SMALL || 100% Ringspun Cotton || Gildan || $40,/shirts/null.png
Richard Cheese,/shirts/0311-Green.jpg,/shirts/0311-Blue.jpg,RICHARD CHEESE || 2008 American Tour || LARGE || 100% Preshrunk Cotton || Gildan || $40,/shirts/null.png
AC/DC,/shirts/0312-Green.jpg,/shirts/0312-Blue.jpg,AC/DC || The Rock or Bust: San Francisco September 25th / AT&T Park / North America 2015 || SMALL || Preshrunk 100% Ringspun Cotton || Tultex || $100,/shirts/null.png
Mac Sabbath,/shirts/0313-Green.jpg,/shirts/0313-Blue.jpg,MAC SABBATH || SMALL || 100% Cotton || Hanes || $40,/shirts/null.png
Walk Off The Earth,/shirts/0314-Green.jpg,/shirts/0314-Blue.jpg,WALK OFF THE EARTH || R.E.V.O. 2012 Tour || SMALL || 100% Cotton || Alstyle Apparel & Activewear || $40,/shirts/null.png
Sunn O))),/shirts/0315-Green.jpg,/shirts/0315-Blue.jpg,SUNN O))) || Let There Be Drone: North America 2016 Tour || SMALL || Preshrunk 100% Ringspun Cotton || Tultex || $40,/shirts/null.png
Flogging Molly,/shirts/0316-Green.jpg,/shirts/0316-Blue.jpg,FLOGGING MOLLY || MEDIUM || 100% Preshrunk Cotton || Gildan || $40,/shirts/null.png
The Decemberists,/shirts/0317-Green.jpg,/shirts/0317-Blue.jpg,THE DECEMBERISTS || The Popes Of Pendarvia 2011 Tour || MEDIUM || 100% Combed Cotton || American Apparel || $40,/shirts/null.png
The Dead Kenny G's (Skerik + Jay Lane of Primus),/shirts/0318-Green.jpg,/shirts/0318-Blue.jpg,THE DEAD KENNY G'S (SKERIK + JAY LANE OF PRIMUS) || LARGE || 100% Combed Cotton || American Apparel || $40,/shirts/null.png
Interpol,/shirts/0319-Green.jpg,/shirts/0319-Blue.jpg,INTERPOL || TwoThousandTen_4 || MEDIUM || 100% Combed Cotton || American Apparel || $40,/shirts/null.png
tUnE-yArDs,/shirts/0320-Green.jpg,/shirts/0320-Blue.jpg,TUNE-YARDS || SMALL || 100% Combed Cotton || American Apparel || $40,/shirts/null.png
Soundgarden,/shirts/0321-Green.jpg,/shirts/0321-Blue.jpg,SOUNDGARDEN || 2011 Tour || MEDIUM || Preshrunk 100% Ringspun Cotton || Tultex || $60,/shirts/null.png
Fever Ray,/shirts/0322-Green.jpg,/shirts/0322-Blue.jpg,FEVER RAY || MEDIUM || Unlisted (cotton/blend)/A || Sandbag || $40,/shirts/null.png
Iron Maiden,/shirts/0323-Green.jpg,/shirts/0323-Blue.jpg,IRON MAIDEN || The Book Of Souls World Tour 2017: California || SMALL || 100% Cotton || Gildan || $80,/shirts/null.png
The Jon Spencer Blues Explosion,/shirts/0324-Green.jpg,/shirts/0324-Blue.jpg,THE JON SPENCER BLUES EXPLOSION || MEDIUM || 100% Cotton || Next Level apparel || $40,/shirts/null.png
The Adicts,/shirts/0325-Green.jpg,/shirts/0325-Blue.jpg,THE ADICTS || MEDIUM || 100% Preshrunk Cotton || Gildan || $40,/shirts/null.png
Future Of The Left,/shirts/0326-Green.jpg,/shirts/0326-Blue.jpg,FUTURE OF THE LEFT || SMALL || 100% Preshrunk Cotton || Gildan || $40,/shirts/null.png
Ministry / Revolting Cocks,/shirts/0327-Green.jpg,/shirts/0327-Blue.jpg,MINISTRY / REVOLTING COCKS || Masterbätour 2006 || LARGE || 100% Preshrunk Cotton || Murina || $40,/shirts/null.png
Autolux,/shirts/0328-Green.jpg,/shirts/0328-Blue.jpg,AUTOLUX || SMALL || 100% Cotton || Autolux by Lister || $40,/shirts/null.png
Mindless Self Indulgence,/shirts/0329-Green.jpg,/shirts/0329-Blue.jpg,MINDLESS SELF INDULGENCE || 2012 Tour || MEDIUM || Preshrunk 100% Ringspun Cotton || Tultex || $50,/shirts/null.png
ANTEMASQUE,/shirts/0330-Green.jpg,/shirts/0330-Blue.jpg,ANTEMASQUE || SMALL || 100% Cotton || Bay Island Sportswear || $50,/shirts/null.png
Public Image Ltd,/shirts/0331-Green.jpg,/shirts/0331-Blue.jpg,PUBLIC IMAGE LTD || This Is PIL North American Tour 2012 || MEDIUM || Preshrunk 100% Ringspun Cotton || Tultex || $40,/shirts/null.png
Franz Ferdinand,/shirts/0332-Green.jpg,/shirts/0332-Blue.jpg,FRANZ FERDINAND || 2009 Tour || MEDIUM || 100% Combed Cotton || US Tees || $40,/shirts/null.png
Scissor Sisters,/shirts/0333-Green.jpg,/shirts/0333-Blue.jpg,SCISSOR SISTERS || MEDIUM || 100% Combed Cotton || American Apparel || $40,/shirts/null.png
Seal,/shirts/0334-Green.jpg,/shirts/0334-Blue.jpg,SEAL || Soul Tour 2009 || LARGE || 100% Cotton || Bay Island Sportswear || $40,/shirts/null.png
TV On The Radio,/shirts/0335-Green.jpg,/shirts/0335-Blue.jpg,TV ON THE RADIO || MEDIUM || 50% Polyester / 25% Combed Cotton / 25% Rayon || American Apparel || $40,/shirts/null.png
Owl City,/shirts/0336-Green.jpg,/shirts/0336-Blue.jpg,OWL CITY || 2009 Tour || MEDIUM || 100% Combed Cotton || American Apparel || $40,/shirts/null.png
Placebo,/shirts/0337-Green.jpg,/shirts/0337-Blue.jpg,PLACEBO || North American 2007 Tour || LARGE || Preshrunk 100% Cotton || Anvil || $40,/shirts/null.png
MC Chris,/shirts/0338-Green.jpg,/shirts/0338-Blue.jpg,MC CHRIS || The Hellraiser Tour || MEDIUM || 100% Cotton || Fruit of the Loom || $40,/shirts/null.png
Primus,/shirts/0339-Green.jpg,/shirts/0339-Blue.jpg,PRIMUS || MEDIUM || 100% Combed Cotton || American Apparel || $40,/shirts/null.png
fun.,/shirts/0340-Green.jpg,/shirts/0340-Blue.jpg,FUN. || SMALL || Preshrunk 100% Ringspun Cotton || Tultex || $50,/shirts/null.png
The Decemberists,/shirts/0341-Green.jpg,/shirts/0341-Blue.jpg,THE DECEMBERISTS || A Short Fazed Hovel Tour 2009 || MEDIUM || 100% Combed Cotton || American Apparel || $40,/shirts/null.png
Sigur Rós,/shirts/0342-Green.jpg,/shirts/0342-Blue.jpg,SIGUR RÓS || 2008 Tour || MEDIUM || 100% Cotton || $50,/shirts/null.png
Undercover Presents,/shirts/0343-Green.jpg,/shirts/0343-Blue.jpg,UNDERCOVER PRESENTS || A Tribute To Green Day's 'Dookie' || SMALL || 100% Cotton || Next Level apparel || $20,/shirts/null.png
Kele (of Bloc Party) + Does It Offend You Yeah? + Innerpartysystem,/shirts/0344-Green.jpg,/shirts/0344-Blue.jpg,KELE (OF BLOC PARTY) + DOES IT OFFEND YOU YEAH? + INNERPARTYSYSTEM || Nylon Music Tour Fall 2010 || MEDIUM || Preshrunk 100% Cotton || Anvil || $40,/shirts/null.png
Justice,/shirts/0345-Green.jpg,/shirts/0345-Blue.jpg,JUSTICE || World Tour 2012 || MEDIUM || 100% Cotton Preshrunk  || Startee || $50,/shirts/null.png
Caravan Palace,/shirts/0346-Green.jpg,/shirts/0346-Blue.jpg,CARAVAN PALACE || SMALL || 100% Combed Cotton || American Apparel || $40,/shirts/null.png
Converge,/shirts/0347-Green.jpg,/shirts/0347-Blue.jpg,CONVERGE || SMALL || Preshrunk 100% Ringspun Cotton || Tultex || $40,/shirts/null.png
Matmos,/shirts/0348-Green.jpg,/shirts/0348-Blue.jpg,MATMOS || LARGE || 100% Cotton || Gildan || $40,/shirts/null.png
Iggy Pop and The Stooges,/shirts/0349-Green.jpg,/shirts/0349-Blue.jpg,IGGY POP AND THE STOOGES || MEDIUM || 100% Cotton || Bay Island Sportswear || $50,/shirts/null.png
Jane's Addiction,/shirts/0350-Green.jpg,/shirts/0350-Blue.jpg,JANE'S ADDICTION || 2012 Tour || SMALL || 100% Preshrunk Cotton || Gildan || $40,/shirts/null.png
Electric Six,/shirts/0351-Green.jpg,/shirts/0351-Blue.jpg,ELECTRIC SIX || MEDIUM || 100% Cotton Preshrunk  || Gildan || $40,/shirts/null.png
Nuclear Rabbit,/shirts/0352-Green.jpg,/shirts/0352-Blue.jpg,NUCLEAR RABBIT || LARGE || 100% Preshrunk Cotton || Anvil || $40,/shirts/null.png
David Byrne + St. Vincent,/shirts/0353-Green.jpg,/shirts/0353-Blue.jpg,DAVID BYRNE + ST. VINCENT || Love This Giant Tour 2012 || SMALL || 50% Cotton/50% Polyester || American Apparel || $60,/shirts/null.png
Vampire Weekend,/shirts/0354-Green.jpg,/shirts/0354-Blue.jpg,VAMPIRE WEEKEND || 2010 North American Tour || MEDIUM || 100% Combed Cotton || American Apparel || $40,/shirts/null.png
Big Bad Voodoo Daddy,/shirts/0355-Green.jpg,/shirts/0355-Blue.jpg,BIG BAD VOODOO DADDY || MEDIUM || 100% Cotton || Hanes || $40,/shirts/null.png
Ron White,/shirts/0356-Green.jpg,/shirts/0356-Blue.jpg,RON WHITE || MEDIUM || 100% Cotton || Alstyle Apparel & Activewear || $40,/shirts/null.png
Collective Soul,/shirts/0357-Green.jpg,/shirts/0357-Blue.jpg,COLLECTIVE SOUL || Dosage Tour 2012 || MEDIUM || Unlisted (cotton/blend)/A || Control || $40,/shirts/null.png
Peeping Tom,/shirts/0358-Green.jpg,/shirts/0358-Blue.jpg,PEEPING TOM || LARGE || Preshrunk 100% Cotton || Cinder Block || $40,/shirts/null.png
Social Distortion,/shirts/0359-Green.jpg,/shirts/0359-Blue.jpg,SOCIAL DISTORTION || Winter US Tour 2007 & 2008 || N/A || Unlisted (cotton/blend)/A || $40,/shirts/null.png
Primus,/shirts/0360-Green.jpg,/shirts/0360-Blue.jpg,PRIMUS || 2006 Tour || MEDIUM || 100% Cotton Preshrunk  || Tennessee River || $50,/shirts/null.png
Placebo,/shirts/0361-Green.jpg,/shirts/0361-Blue.jpg,PLACEBO || 2006 Tour || MEDIUM || Preshrunk 100% Cotton || Anvil || $40,/shirts/null.png
Amon Tobin,/shirts/0362-Green.jpg,/shirts/0362-Blue.jpg,AMON TOBIN || ISAM Live Tour 2011 || MEDIUM || Preshrunk 100% Ringspun Cotton || Anvil || $40,/shirts/null.png
Hardly Strictly Bluegrass,/shirts/0363-Green.jpg,/shirts/0363-Blue.jpg,HARDLY STRICTLY BLUEGRASS || 2011 Festival || LARGE || 100% Combed Cotton || American Apparel || $40,/shirts/null.png
The Australian Pink Floyd Show,/shirts/0364-Green.jpg,/shirts/0364-Blue.jpg,THE AUSTRALIAN PINK FLOYD SHOW || Greatest Hits Tour 2011 || MEDIUM || Preshrunk 100% Ringspun Cotton || Tultex || $40,/shirts/null.png
Opeth,/shirts/0365-Green.jpg,/shirts/0365-Blue.jpg,OPETH || Heritage North America 2011 || MEDIUM || Preshrunk 100% Cotton || Anvil || $40,/shirts/null.png
Rhapsody of Fire,/shirts/0366-Green.jpg,/shirts/0366-Blue.jpg,RHAPSODY OF FIRE || From Chaos to Eternity World Tour || XLARGE || Preshrunk 100% Cotton || Anvil || $40,/shirts/null.png
A Perfect Circle,/shirts/0367-Green.jpg,/shirts/0367-Blue.jpg,A PERFECT CIRCLE || Tour 2011 || MEDIUM || 100% Cotton || Bay Island Sportswear || $60,/shirts/null.png
Jonathan Coulton,/shirts/0368-Green.jpg,/shirts/0368-Blue.jpg,JONATHAN COULTON || Artificial Heart Tour 2012 || MEDIUM || 100% Combed Cotton || American Apparel || $40,/shirts/null.png
Patrick Wolf,/shirts/0369-Green.jpg,/shirts/0369-Blue.jpg,PATRICK WOLF || 2012 Tour || SMALL || 100% Cotton || Next Level apparel || $40,/shirts/null.png
Nightwish,/shirts/0370-Green.jpg,/shirts/0370-Blue.jpg,NIGHTWISH || Imaginaerum North American Tour 2012 || SMALL || 100% Preshrunk Cotton || Anvil || $40,/shirts/null.png
KMFDM,/shirts/0371-Green.jpg,/shirts/0371-Blue.jpg,KMFDM || North America 2011 || MEDIUM || 100% Cotton Preshrunk  || Gildan || $40,/shirts/null.png
Amon Tobin,/shirts/0372-Green.jpg,/shirts/0372-Blue.jpg,AMON TOBIN || MEDIUM || Preshrunk 100% Ringspun Cotton || Tultex || $40,/shirts/null.png
STS9,/shirts/0373-Green.jpg,/shirts/0373-Blue.jpg,STS9 || Peaceblaster || MEDIUM || Combed Cotton || American Apparel || $40,/shirts/null.png
GWAR,/shirts/0374-Green.jpg,/shirts/0374-Blue.jpg,GWAR || Fate of Chaos Tour 2012 || SMALL || 100% Cotton Preshrunk  || Gildan || $40,/shirts/null.png
A Silver Mt. Zion,/shirts/0375-Green.jpg,/shirts/0375-Blue.jpg,A SILVER MT. ZION || MEDIUM || 100% Bamboo || Jerico || $40,/shirts/null.png
In Flames,/shirts/0376-Green.jpg,/shirts/0376-Blue.jpg,IN FLAMES || Come Clarity 2006 Tour || MEDIUM || 100% Preshrunk Cotton || Gildan || $40,/shirts/null.png
Gogol Bordello,/shirts/0377-Green.jpg,/shirts/0377-Blue.jpg,GOGOL BORDELLO || Forces Of Victory Tour 2008 || LARGE || 100% Cotton || Gildan || $40,/shirts/null.png
The Polyphonic Spree,/shirts/0378-Green.jpg,/shirts/0378-Blue.jpg,THE POLYPHONIC SPREE || MEDIUM || 100% Cotton || Canvas || $40,/shirts/null.png
Minibosses,/shirts/0379-Green.jpg,/shirts/0379-Blue.jpg,MINIBOSSES || Get In The Minivan Minitour 2012 || SMALL || 100% Cotton || Next Level apparel || $30,/shirts/null.png
Apocalyptica,/shirts/0380-Green.jpg,/shirts/0380-Blue.jpg,APOCALYPTICA || Worlds Collide Tour 2008 || LARGE || Preshrunk 100% Cotton || Anvil || $40,/shirts/null.png
The Dead Milkmen,/shirts/0381-Green.jpg,/shirts/0381-Blue.jpg,THE DEAD MILKMEN || MEDIUM || Preshrunk 100% Cotton || Anvil || $40,/shirts/null.png
Algiers,/shirts/0382-Green.jpg,/shirts/0382-Blue.jpg,ALGIERS || SMALL || 100% Cotton || Next Level apparel || $40,/shirts/null.png
Trans-Siberian Orchestra,/shirts/0383-Green.jpg,/shirts/0383-Blue.jpg,TRANS-SIBERIAN ORCHESTRA || Winter Tour 2012 || SMALL || 100% Cotton || Hanes || $50,/shirts/null.png
tUnE-yArDs,/shirts/0384-Green.jpg,/shirts/0384-Blue.jpg,TUNE-YARDS || MEDIUM || 100% Combed Cotton || American Apparel || $40,/shirts/null.png
Therion,/shirts/0385-Green.jpg,/shirts/0385-Blue.jpg,THERION || LARGE || 100% Cotton Preshrunk  || Gildan || $40,/shirts/null.png
Walk Off The Earth,/shirts/0386-Green.jpg,/shirts/0386-Blue.jpg,WALK OFF THE EARTH || MEDIUM || 50% Cotton/50% Polyester || Bay Island Sportswear || $40,/shirts/null.png
The Dresden Dolls,/shirts/0387-Green.jpg,/shirts/0387-Blue.jpg,THE DRESDEN DOLLS || MEDIUM || Preshrunk 100% Ringspun Cotton || Tultex || $40,/shirts/null.png
NOFX,/shirts/0388-Green.jpg,/shirts/0388-Blue.jpg,NOFX || 25th Anniversary: 2/15/09 San Francisco CA at Slim's || MEDIUM || 100% Combed Cotton || Sun International || $70,/shirts/null.png
Leonard Cohen,/shirts/0389-Green.jpg,/shirts/0389-Blue.jpg,LEONARD COHEN || 2009 Tour || MEDIUM || Unlisted (cotton/blend) || Earth Positive || $70,/shirts/null.png
Flogging Molly,/shirts/0390-Green.jpg,/shirts/0390-Blue.jpg,FLOGGING MOLLY || The 7th Annual Green 17 Tour 2011 || SMALL || Preshrunk 100% Cotton || $40,/shirts/null.png
Portishead,/shirts/0391-Green.jpg,/shirts/0391-Blue.jpg,PORTISHEAD || North American Tour 2011 || MEDIUM || Preshrunk 100% Ringspun Cotton || Sandbag || $60,/shirts/null.png
Anamanaguchi,/shirts/0392-Green.jpg,/shirts/0392-Blue.jpg,ANAMANAGUCHI || SMALL || 100% Cotton || Hanes || $50,/shirts/null.png
Treasure Island Music Festival,/shirts/0393-Green.jpg,/shirts/0393-Blue.jpg,TREASURE ISLAND MUSIC FESTIVAL || 2010 // STAFF SHIRT || LARGE || Unlisted (cotton/blend) || Hanes || $50,/shirts/null.png
Saul Williams,/shirts/0394-Green.jpg,/shirts/0394-Blue.jpg,SAUL WILLIAMS || SMALL || 100% Cotton Preshrunk  || Gildan || $30,/shirts/null.png
Ladytron,/shirts/0395-Green.jpg,/shirts/0395-Blue.jpg,LADYTRON || Velocifero Tour 2008 || LARGE || 100% Combed Cotton || American Apparel || $40,/shirts/null.png
Morbid Angel / Behemoth / Krisiun / Despised Icon,/shirts/0396-Green.jpg,/shirts/0396-Blue.jpg,MORBID ANGEL / BEHEMOTH / KRISIUN / DESPISED ICON || Masters Of Chaos Tour 2006 || LARGE || 100% Preshrunk Cotton || Anvil || $40,/shirts/null.png
MGMT,/shirts/0397-Green.jpg,/shirts/0397-Blue.jpg,MGMT || LARGE || 100% Combed Cotton || American Apparel || $50,/shirts/null.png
Japandroids,/shirts/0398-Green.jpg,/shirts/0398-Blue.jpg,JAPANDROIDS || North America 2017 || MEDIUM || Unlisted (cotton/blend) || King's Road Merch || $40,/shirts/null.png
Eddie Izzard,/shirts/0399-Green.jpg,/shirts/0399-Blue.jpg,EDDIE IZZARD || Force Majeure || SMALL || 100% Cotton || Gildan || $50,/shirts/null.png
Megadeth,/shirts/0400-Green.jpg,/shirts/0400-Blue.jpg,MEGADETH || Limited Edition BDU || MEDIUM || 65% Polyester / 35% Cotton || Rothco || $100,/shirts/null.png
Steven Wilson,/shirts/0401-Green.jpg,/shirts/0401-Blue.jpg,STEVEN WILSON || Tour 2015 || SMALL || 100% Cotton || Gildan || $40,/shirts/null.png
Fu Manchu,/shirts/0402-Green.jpg,/shirts/0402-Blue.jpg,FU MANCHU || MEDIUM || 100% Cotton || Fruit of the Loom || $40,/shirts/null.png
Anvil,/shirts/0403-Green.jpg,/shirts/0403-Blue.jpg,ANVIL || 37 Years: Pounding Metal 1977-2014 || LARGE || 50% Cotton / 50% Polyester || Gildan || $40,/shirts/null.png
The Bouncing Souls,/shirts/0404-Green.jpg,/shirts/0404-Blue.jpg,THE BOUNCING SOULS || SMALL || 100% Preshrunk Cotton || Anvil || $40,/shirts/null.png
Pearl Jam,/shirts/0405-Green.jpg,/shirts/0405-Blue.jpg,PEARL JAM || 2006 Tour || LARGE || 100% Cotton || Ten Club || $50,/shirts/null.png
Godspeed You! Black Emperor,/shirts/0406-Green.jpg,/shirts/0406-Blue.jpg,GODSPEED YOU! BLACK EMPEROR || LARGE || 100% Organic Cotton || Alternative Earth || $40,/shirts/null.png
Die Antwoord,/shirts/0407-Green.jpg,/shirts/0407-Blue.jpg,DIE ANTWOORD || 2012 Da OK USA-N-Wizards Of Oz Tour || MEDIUM || 100% Cotton || GoodSmile Company || $50,/shirts/null.png
KMFDM,/shirts/0408-Green.jpg,/shirts/0408-Blue.jpg,KMFDM || LARGE || Preshrunk 100% Cotton || Anvil || $40,/shirts/null.png
Game Of Thrones,/shirts/0409-Green.jpg,/shirts/0409-Blue.jpg,GAME OF THRONES || Live Concert Experience 2017 || SMALL || 100% Cotton || Gildan || $50,/shirts/null.png
Green Day,/shirts/0410-Green.jpg,/shirts/0410-Blue.jpg,GREEN DAY || Revolution Radio Tour 2016 || SMALL || 100% Cotton || Next Level apparel || $60,/shirts/null.png
Melvins,/shirts/0411-Green.jpg,/shirts/0411-Blue.jpg,MELVINS || LARGE || 100% Cotton Preshrunk  || Gildan || $40,/shirts/null.png
Oona,/shirts/0412-Green.jpg,/shirts/0412-Blue.jpg,OONA || WOMEN'S LARGE || 100% Cotton || Bella || $30,/shirts/null.png
The Soft Moon,/shirts/0413-Green.jpg,/shirts/0413-Blue.jpg,THE SOFT MOON || MEDIUM || 100% Cotton || $40,/shirts/null.png
The Polyphonic Spree,/shirts/0414-Green.jpg,/shirts/0414-Blue.jpg,THE POLYPHONIC SPREE || SMALL || 52% Cotton / 48% Polyester || Canvas || $40,/shirts/null.png
Murder By Death,/shirts/0415-Green.jpg,/shirts/0415-Blue.jpg,MURDER BY DEATH || SMALL || 100% Cotton || Next Level apparel || $40,/shirts/null.png
Janelle Monáe,/shirts/0416-Green.jpg,/shirts/0416-Blue.jpg,JANELLE MONÁE || SMALL || 60% Cotton / 40% Polyester || Next Level apparel || $60,/shirts/null.png
Godspeed You! Black Emperor,/shirts/0417-Green.jpg,/shirts/0417-Blue.jpg,GODSPEED YOU! BLACK EMPEROR || SMALL || 100% Cotton || Next Level apparel || $40,/shirts/null.png
Tera Melos,/shirts/0418-Green.jpg,/shirts/0418-Blue.jpg,TERA MELOS || MEDIUM || 100% Combed Cotton || American Apparel || $40,/shirts/null.png
Puscifer,/shirts/0419-Green.jpg,/shirts/0419-Blue.jpg,PUSCIFER || Money Shot Tour 2015 || SMALL || 100% Cotton || Canvas || $50,/shirts/null.png
LA Philharmonic,/shirts/0420-Green.jpg,/shirts/0420-Blue.jpg,LA PHILHARMONIC || Reykjavík Festival 2017 || SMALL || 100% Cotton || $40,/shirts/null.png
The Jane Austen Argument,/shirts/0421-Green.jpg,/shirts/0421-Blue.jpg,THE JANE AUSTEN ARGUMENT || MEDIUM || Unlisted (cotton/blend) || Hanes || $30,/shirts/null.png
deadmau5,/shirts/0422-Green.jpg,/shirts/0422-Blue.jpg,DEADMAU5 || Meowingtons Hax Tour 2011 || MEDIUM || 100% Cotton || Bay Island Sportswear || $60,/shirts/null.png
The Ferocious Few,/shirts/0423-Green.jpg,/shirts/0423-Blue.jpg,THE FEROCIOUS FEW || MEDIUM || 50% Preshrunk Cotton / 50% Polyester || Port and Company || $30,/shirts/null.png
Dream Theater,/shirts/0424-Green.jpg,/shirts/0424-Blue.jpg,DREAM THEATER || A Dramatic Tour Of Events 2011 || MEDIUM || 100% Cotton || Hanes || $50,/shirts/null.png
Nickel Creek,/shirts/0425-Green.jpg,/shirts/0425-Blue.jpg,NICKEL CREEK || 2014 Tour || SMALL || 100% Cotton || Next Level apparel || $40,/shirts/null.png
Phish,/shirts/0426-Green.jpg,/shirts/0426-Blue.jpg,PHISH || We Gotta Get On The Road Summer Tour 2011 || MEDIUM || 60% Cotton / 40% Polyester || Next Level apparel || $70,/shirts/null.png
ohGr,/shirts/0427-Green.jpg,/shirts/0427-Blue.jpg,OHGR || Western Fallout 2011 Tour || MEDIUM || 100% Cotton Preshrunk  || Gildan || $40,/shirts/null.png
Rodrigo y Gabriela,/shirts/0428-Green.jpg,/shirts/0428-Blue.jpg,RODRIGO Y GABRIELA || C.U.B.A Tour 2012 || MEDIUM || 100% Organic Cotton || Anvil || $40,/shirts/null.png
Minus the Bear,/shirts/0429-Green.jpg,/shirts/0429-Blue.jpg,MINUS THE BEAR || MEDIUM || 100% Cotton Preshrunk  || Gildan || $40,/shirts/null.png
VNV Nation,/shirts/0430-Green.jpg,/shirts/0430-Blue.jpg,VNV NATION || MEDIUM || 100% Cotton || Industrial Shirts || $40,/shirts/null.png
The Magnetic Fields,/shirts/0431-Green.jpg,/shirts/0431-Blue.jpg,THE MAGNETIC FIELDS || SMALL || 100% Preshrunk Cotton || Hanes || $40,/shirts/null.png
Cloud Nothings,/shirts/0432-Green.jpg,/shirts/0432-Blue.jpg,CLOUD NOTHINGS || SMALL || 52% Cotton / 48% Polyester || Canvas || $40,/shirts/null.png
Sigur Rós,/shirts/0433-Green.jpg,/shirts/0433-Blue.jpg,SIGUR RÓS || Spring Tour 2013 || SMALL || 100% Combed Cotton || American Apparel || $50,/shirts/null.png
SF Sketchfest,/shirts/0434-Green.jpg,/shirts/0434-Blue.jpg,SF SKETCHFEST || 14th Annual / 2015 || SMALL || 60% Cotton /  40% Polyester || Headline Shirts || $40,/shirts/null.png
Refused,/shirts/0435-Green.jpg,/shirts/0435-Blue.jpg,REFUSED || Freedom 2015 || SMALL || 100% Combed Cotton || American Apparel || $40,/shirts/null.png
A Place to Bury Strangers,/shirts/0436-Green.jpg,/shirts/0436-Blue.jpg,A PLACE TO BURY STRANGERS || MEDIUM || 50% Polyester / 25% Combed Cotton / 25% Rayon || American Apparel || $40,/shirts/null.png
Pierced Arrows,/shirts/0437-Green.jpg,/shirts/0437-Blue.jpg,PIERCED ARROWS || MEDIUM || 50% Preshrunk Cotton / 50% Polyester || Hanes || $40,/shirts/null.png
The Protomen,/shirts/0438-Green.jpg,/shirts/0438-Blue.jpg,THE PROTOMEN || SMALL || 100% Cotton Preshrunk  || Gildan || $40,/shirts/null.png
Sleep,/shirts/0439-Green.jpg,/shirts/0439-Blue.jpg,SLEEP || 2012 Tour || MEDIUM || Preshrunk 100% Cotton || Anvil || $40,/shirts/null.png
Mad Noise,/shirts/0440-Green.jpg,/shirts/0440-Blue.jpg,MAD NOISE || MEDIUM || 100% Cotton || Jerzees || $30,/shirts/null.png
SF Sketchfest,/shirts/0441-Green.jpg,/shirts/0441-Blue.jpg,SF SKETCHFEST || 12th Annual / 2013 || SMALL || 100% Cotton || Headline Shirts || $40,/shirts/null.png
Bosnian Rainbows (Omar Rodriguez-Lopez Group),/shirts/0442-Green.jpg,/shirts/0442-Blue.jpg,BOSNIAN RAINBOWS (OMAR RODRIGUEZ-LOPEZ GROUP) || SMALL || 50% Polyester / 25% Combed Cotton / 25% Rayon || American Apparel || $40,/shirts/null.png
Dredg,/shirts/0443-Green.jpg,/shirts/0443-Blue.jpg,DREDG || LARGE || 50% Cotton / 50% Polyester || Fruit of the Loom || $40,/shirts/null.png
Spoon,/shirts/0444-Green.jpg,/shirts/0444-Blue.jpg,SPOON || MEDIUM || 100% Cotton || Bay Island Sportswear || $50,/shirts/null.png
Dir en grey,/shirts/0445-Green.jpg,/shirts/0445-Blue.jpg,DIR EN GREY || Never Free From The Awakening Tour 2015 || SMALL || Preshrunk 100% Ringspun Cotton || Tultex || $50,/shirts/null.png
SF Sketchfest,/shirts/0446-Green.jpg,/shirts/0446-Blue.jpg,SF SKETCHFEST || 15th Annual / 2016 || SMALL || 100% Cotton || Headline Shirts || $40,/shirts/null.png
FFS (Franz Ferdinand + Sparks),/shirts/0447-Green.jpg,/shirts/0447-Blue.jpg,FFS (FRANZ FERDINAND + SPARKS) || SMALL || 100% Cotton || Gildan || $40,/shirts/null.png
Janelle Monáe,/shirts/0448-Green.jpg,/shirts/0448-Blue.jpg,JANELLE MONÁE || MEDIUM || 100% Cotton Preshrunk  || Startee || $50,/shirts/null.png
Built to Spill,/shirts/0449-Green.jpg,/shirts/0449-Blue.jpg,BUILT TO SPILL || LARGE || 100% Preshrunk Cotton || Hanes || $40,/shirts/null.png
The Mumlers,/shirts/0450-Green.jpg,/shirts/0450-Blue.jpg,THE MUMLERS || MEDIUM || 50% Polyester / 25% Combed Cotton / 25% Rayon || American Apparel || $30,/shirts/null.png
Kimbra,/shirts/0451-Green.jpg,/shirts/0451-Blue.jpg,KIMBRA || SMALL || 100% Cotton || Startee || $40,/shirts/null.png
The Australian Pink Floyd Show,/shirts/0452-Green.jpg,/shirts/0452-Blue.jpg,THE AUSTRALIAN PINK FLOYD SHOW || Big Pink Greatest Hits World Tour 2009 || MEDIUM || Preshrunk 100% Cotton || Anvil || $40,/shirts/null.png
Sufjan Stevens,/shirts/0453-Green.jpg,/shirts/0453-Blue.jpg,SUFJAN STEVENS || MEDIUM || 100% Combed Cotton || American Apparel || $40,/shirts/null.png
Modest Mouse,/shirts/0454-Green.jpg,/shirts/0454-Blue.jpg,MODEST MOUSE || SMALL || 100% Combed Cotton || American Apparel || $40,/shirts/null.png
Porcupine Tree,/shirts/0455-Green.jpg,/shirts/0455-Blue.jpg,PORCUPINE TREE || USA 2010 Tour || MEDIUM || 100% Cotton Preshrunk  || Gildan || $40,/shirts/null.png
Dita Von Teese,/shirts/0456-Green.jpg,/shirts/0456-Blue.jpg,DITA VON TEESE || MEDIUM || 100% Cotton Preshrunk  || Gildan || $40,/shirts/null.png
Intronaut,/shirts/0457-Green.jpg,/shirts/0457-Blue.jpg,INTRONAUT || Habitually Touring 2013 || SMALL || Preshrunk 100% Cotton || Anvil || $40,/shirts/null.png
Puscifer,/shirts/0458-Green.jpg,/shirts/0458-Blue.jpg,PUSCIFER || Conditions Of My Parole Tour 2012 || MEDIUM || 65% Polyester / 35% Cotton || Next Level apparel || $50,/shirts/null.png
Magma,/shirts/0459-Green.jpg,/shirts/0459-Blue.jpg,MAGMA || The Endless Tour 2015 || SMALL || 100% Cotton || Port and Company || $40,/shirts/null.png
Public Service Broadcasting,/shirts/0460-Green.jpg,/shirts/0460-Blue.jpg,PUBLIC SERVICE BROADCASTING || MEDIUM || Preshrunk 100% Cotton || District || $40,/shirts/null.png
Amanda Palmer and the Grand Theft Orchestra,/shirts/0461-Green.jpg,/shirts/0461-Blue.jpg,AMANDA PALMER AND THE GRAND THEFT ORCHESTRA || Tour 2012 || MEDIUM || Unlisted (cotton/blend)/A || Hanes || $40,/shirts/null.png
DEATH,/shirts/0462-Green.jpg,,DEATH || MEDIUM || Preshrunk 100% Cotton || Anvil || $40,/shirts/null.png
Treasure Island Music Festival,/shirts/0463-Green.jpg,/shirts/0463-Blue.jpg,TREASURE ISLAND MUSIC FESTIVAL || 2011 // STAFF SHIRT || MEDIUM || 100% Cotton || Hanes || $50,/shirts/null.png
Ghost,/shirts/0464-Green.jpg,/shirts/0464-Blue.jpg,GHOST || Haze Over North America 2013 Tour || SMALL || 100% Cotton || Hanes || $40,/shirts/null.png
Echo & the Bunnymen,/shirts/0465-Green.jpg,/shirts/0465-Blue.jpg,ECHO & THE BUNNYMEN || Ocean Rain 2009 Mini Tour || MEDIUM || 100% Cotton Preshrunk  || Gildan || $40,/shirts/null.png
Mastodon,/shirts/0466-Green.jpg,/shirts/0466-Blue.jpg,MASTODON || The Hunter 2011 Tour || MEDIUM || 100% Cotton || Hanes || $40,/shirts/null.png
Bright Eyes,/shirts/0467-Green.jpg,/shirts/0467-Blue.jpg,BRIGHT EYES || MEDIUM || 50% Polyester / 25% Combed Cotton / 25% Rayon || American Apparel || $40,/shirts/null.png
Swans,/shirts/0468-Green.jpg,/shirts/0468-Blue.jpg,SWANS || To Be Kind World Tour 2014-15 || SMALL || Preshrunk 100% Ringspun Cotton || Tultex || $40,/shirts/null.png
Melvins,/shirts/0469-Green.jpg,/shirts/0469-Blue.jpg,MELVINS || LARGE || 100% Cotton Preshrunk  || Gildan || $40,/shirts/null.png
Japandroids,/shirts/0470-Green.jpg,/shirts/0470-Blue.jpg,JAPANDROIDS || SMALL || 100% Combed Cotton || American Apparel || $40,/shirts/null.png
tUnE-yArDs,/shirts/0471-Green.jpg,/shirts/0471-Blue.jpg,TUNE-YARDS || MEDIUM || 65% Polyester / 35% Ringspun Cotton || Tultex || $40,/shirts/null.png
Neil Gaiman & Amanda Palmer,/shirts/0472-Green.jpg,/shirts/0472-Blue.jpg,NEIL GAIMAN & AMANDA PALMER || 2011 'An Evening With' Tour || MEDIUM || 100% Cotton || Hanes || $70,/shirts/null.png
Bert Kreischer,/shirts/0473-Green.jpg,/shirts/0473-Blue.jpg,BERT KREISCHER || SMALL || 100% Cotton Preshrunk  || Gildan || $40,/shirts/null.png
Pink Martini,/shirts/0474-Green.jpg,/shirts/0474-Blue.jpg,PINK MARTINI || MEDIUM || 100% Combed Cotton || American Apparel || $40,/shirts/null.png
Bush,/shirts/0475-Green.jpg,/shirts/0475-Blue.jpg,BUSH || Sea of Memories Tour 2011 || MEDIUM || 100% Cotton || Bay Island Sportswear || $40,/shirts/null.png
Faith No More,/shirts/0476-Green.jpg,/shirts/0476-Blue.jpg,FAITH NO MORE || 2015 North American Tour || SMALL || 100% Ringspun Cotton || Anvil || $50,/shirts/null.png
Godspeed You! Black Emperor,/shirts/0477-Green.jpg,/shirts/0477-Blue.jpg,GODSPEED YOU! BLACK EMPEROR || SMALL || 100% Organic Cotton || Earth Positive || $40,/shirts/null.png
Sparks,/shirts/0478-Green.jpg,/shirts/0478-Blue.jpg,SPARKS || SMALL || 100% Cotton || Gildan || $40,/shirts/null.png
Jake Shimabukuro,/shirts/0479-Green.jpg,/shirts/0479-Blue.jpg,JAKE SHIMABUKURO || MEDIUM || Unlisted (cotton/blend) || $40,/shirts/null.png
Nightwish,/shirts/0480-Green.jpg,/shirts/0480-Blue.jpg,NIGHTWISH || Endless Forms Most Beautiful // April 28 2015 Warfield Theater || SMALL || 100% Cotton || Gildan || $70,/shirts/null.png
The Flaming Lips,/shirts/0481-Green.jpg,/shirts/0481-Blue.jpg,THE FLAMING LIPS || Peace & Punk Rock Limited Edition // Number 395 of 400 || MEDIUM || Unlisted (cotton/blend)/A || Warpaint || $100,/shirts/null.png
Rodrigo y Gabriela,/shirts/0482-Green.jpg,/shirts/0482-Blue.jpg,RODRIGO Y GABRIELA || 9 Dead Alive Tour 2015 North America || SMALL || 52% Cotton / 48% Polyester || Canvas || $40,/shirts/null.png
A Silver Mt. Zion,/shirts/0483-Green.jpg,/shirts/0483-Blue.jpg,A SILVER MT. ZION || SMALL || 100% Cotton || Next Level apparel || $40,/shirts/null.png
Sigur Rós,/shirts/0484-Green.jpg,/shirts/0484-Blue.jpg,SIGUR RÓS || Valtari 2012 Tour || SMALL || 50% Cotton / 50% Polyester || American Apparel || $50,/shirts/null.png
fun.,/shirts/0485-Green.jpg,/shirts/0485-Blue.jpg,FUN. || Most Nights Summer Tour 2013 || SMALL || 50% Polyester / 25% Combed Cotton / 25% Rayon || American Apparel || $50,/shirts/null.png
The Silent Comedy,/shirts/0486-Green.jpg,/shirts/0486-Blue.jpg,THE SILENT COMEDY || LARGE || 50% Combed Cotton / 50% Polyester || american Apparel || $30,/shirts/null.png
Judgment Day,/shirts/0487-Green.jpg,/shirts/0487-Blue.jpg,JUDGMENT DAY || MEDIUM || 100% Cotton || Fruit of the Loom || $40,/shirts/null.png
The Jesus and Mary Chain,/shirts/0488-Green.jpg,/shirts/0488-Blue.jpg,THE JESUS AND MARY CHAIN || Psychocandy May 2015 Tour || SMALL || 100% Cotton || Gildan || $40,/shirts/null.png
The Magnetic Fields,/shirts/0489-Green.jpg,/shirts/0489-Blue.jpg,THE MAGNETIC FIELDS || 50 Song Memoir Tour || SMALL || 100% Preshrunk Cotton || Hanes || $40,/shirts/null.png
The Joy Formidable,/shirts/0490-Green.jpg,/shirts/0490-Blue.jpg,THE JOY FORMIDABLE || SMALL || Preshrunk 100% Ringspun Cotton || Tultex || $40,/shirts/null.png
Broken Bells,/shirts/0491-Green.jpg,/shirts/0491-Blue.jpg,BROKEN BELLS || MEDIUM || 100% Combed Cotton || American Apparel || $40,/shirts/null.png
Carpenter Brut,/shirts/0492-Green.jpg,/shirts/0492-Blue.jpg,CARPENTER BRUT || North American Tour '1987' (2017) || SMALL || 100% Cotton || Gildan || $40,/shirts/null.png
John 5 & the Creatures,/shirts/0493-Green.jpg,/shirts/0493-Blue.jpg,JOHN 5 & THE CREATURES || SMALL || 100% Cotton || Canvas || $40,/shirts/null.png
Opeth,/shirts/0494-Green.jpg,/shirts/0494-Blue.jpg,OPETH || Sorceress World Tour 2016 || SMALL || 100% Cotton || Gildan || $40,/shirts/null.png
Algiers,/shirts/0495-Green.jpg,/shirts/0495-Blue.jpg,ALGIERS || SMALL || 100% Cotton || Gildan || $40,/shirts/null.png
Filter,/shirts/0496-Green.jpg,/shirts/0496-Blue.jpg,FILTER || The Anti-Folk Revival in Drop D 2014 Tour || SMALL || 100% Cotton Preshrunk  || Gildan || $40,/shirts/null.png
Kneedelus (Kneebody + Daedelus),/shirts/0497-Green.jpg,/shirts/0497-Blue.jpg,KNEEDELUS (KNEEBODY + DAEDELUS) || SMALL || 100% Combed Cotton || American Apparel || $40,/shirts/null.png
Flogging Molly,/shirts/0498-Green.jpg,/shirts/0498-Blue.jpg,FLOGGING MOLLY || World Tour 2015 || SMALL || 100% Cotton || Gildan || $40,/shirts/null.png
Sabaton,/shirts/0499-Green.jpg,/shirts/0499-Blue.jpg,SABATON || Heroes North American Tour 2014 || SMALL || Preshrunk 100% Cotton || Anvil || $40,/shirts/null.png
Nurse With Wound,/shirts/0500-Green.jpg,/shirts/0500-Blue.jpg,NURSE WITH WOUND || Inaugural Public Incident // Great American Music Hall 2006 || LARGE || Preshrunk 100% Cotton || Anvil || $60,/shirts/null.png
Faith No More,/shirts/0501-Green.jpg,/shirts/0501-Blue.jpg,FAITH NO MORE || MEDIUM || 50% Polyester / 25% Cotton / 25% Rayon || Canvas || $50,/shirts/null.png
Chevelle,/shirts/0502-Green.jpg,/shirts/0502-Blue.jpg,CHEVELLE || LARGE || 100% Preshrunk Cotton || Hanes || $40,/shirts/null.png
Jason Webley,/shirts/0503-Green.jpg,/shirts/0503-Blue.jpg,JASON WEBLEY || MEDIUM || 100% Cotton Preshrunk  || Gildan || $40,/shirts/null.png
Godspeed You! Black Emperor,/shirts/0504-Green.jpg,/shirts/0504-Blue.jpg,GODSPEED YOU! BLACK EMPEROR || MEDIUM || 100% Organic Cotton || Earth Positive || $40,/shirts/null.png
Devin Townsend Project,/shirts/0505-Green.jpg,/shirts/0505-Blue.jpg,DEVIN TOWNSEND PROJECT || I Am Here And I Am Not Frightened // North America October 2011 Tour || SMALL || 100% Preshrunk Cotton || Anvil || $40,/shirts/null.png
Anthrax,/shirts/0506-Green.jpg,/shirts/0506-Blue.jpg,ANTHRAX || 2011-2012 World Tour || MEDIUM || 100% Cotton || Hanes || $50,/shirts/null.png
Silverchair,/shirts/0507-Green.jpg,/shirts/0507-Blue.jpg,SILVERCHAIR || American Tour 2007 || LARGE || 100% Cotton || LAS || $50,/shirts/null.png
Swans,/shirts/0508-Green.jpg,/shirts/0508-Blue.jpg,SWANS || SMALL || Preshrunk 100% Ringspun Cotton || Tultex || $40,/shirts/null.png
HARD x Mouth Taped Shut (The Girl with the Dragon Tattoo),/shirts/0509-Green.jpg,/shirts/0509-Blue.jpg,HARD X MOUTH TAPED SHUT (THE GIRL WITH THE DRAGON TATTOO) || San Francisco || MEDIUM || 100% Combed Cotton || American Apparel || $40,/shirts/null.png
Liturgy,/shirts/0510-Green.jpg,/shirts/0510-Blue.jpg,LITURGY || SMALL || Preshrunk 100% Ringspun Cotton || Tultex || $40,/shirts/null.png
Swans,/shirts/0511-Green.jpg,/shirts/0511-Blue.jpg,SWANS || WOMEN'S LARGE || Preshrunk 65% Polyester / 35% Ringspun Cotton || Tultex || $40,/shirts/null.png
Red Elvises,/shirts/0512-Green.jpg,/shirts/0512-Blue.jpg,RED ELVISES || Better Than Sex || LARGE || 65% Polyester / 35% Cotton || Red Kap by VF Imagewear || $40,/shirts/null.png
My Life with the Thrill Kill Kult,/shirts/0513-Green.jpg,/shirts/0513-Blue.jpg,MY LIFE WITH THE THRILL KILL KULT || 25th Anniversary Tour || MEDIUM || 100% Cotton || Fruit of the Loom || $40,/shirts/null.png
Sigur Rós,/shirts/0514-Green.jpg,/shirts/0514-Blue.jpg,SIGUR RÓS || North America 2017 || SMALL || 100% Cotton || Canvas || $50,/shirts/null.png
Sigur Rós,/shirts/0515-Green.jpg,/shirts/0515-Blue.jpg,SIGUR RÓS || North America 2017 || SMALL || 100% Cotton || Canvas || $50,/shirts/null.png
Tenacious D,/shirts/0516-Green.jpg,/shirts/0516-Blue.jpg,TENACIOUS D || MEDIUM || 100% Cotton || Fruit of the Loom || $40,/shirts/null.png
Throbbing Gristle,/shirts/0517-Green.jpg,/shirts/0517-Blue.jpg,THROBBING GRISTLE || 2009 Tour // Grand Regency Ballroom San Francisco || MEDIUM || 100% Cotton Preshrunk  || Gildan || $60,/shirts/null.png
Shellac,/shirts/0518-Green.jpg,/shirts/0518-Blue.jpg,SHELLAC || MEDIUM || 100% Combed Cotton || Royal Apparel || $50,/shirts/null.png
Ours,/shirts/0519-Green.jpg,/shirts/0519-Blue.jpg,OURS || WOMEN'S LARGE || 100% Cotton || Next Level apparel || $40,/shirts/null.png
At The Drive-In,/shirts/0520-Green.jpg,/shirts/0520-Blue.jpg,AT THE DRIVE-IN || North America 2016 || SMALL || Preshrunk 100% Ringspun Cotton || Tultex || $60,/shirts/null.png
Vampire Weekend,/shirts/0521-Green.jpg,/shirts/0521-Blue.jpg,VAMPIRE WEEKEND || 2010 North American Tour || MEDIUM || 50% Polyester / 25% Combed Cotton / 25% Rayon || American Apparel || $40,/shirts/null.png
Reggie Watts,/shirts/0522-Green.jpg,/shirts/0522-Blue.jpg,REGGIE WATTS || MEDIUM || 100% Combed Organic Cotton || American Apparel || $40,/shirts/null.png
Outside Lands Music & Arts Festival,/shirts/0523-Green.jpg,/shirts/0523-Blue.jpg,OUTSIDE LANDS MUSIC & ARTS FESTIVAL || 2010 || MEDIUM || 100% Organic Cotton || Alternative Earth || $50,/shirts/null.png
Red Elvises,/shirts/0524-Green.jpg,/shirts/0524-Blue.jpg,RED ELVISES || LARGE || 100% Preshrunk Cotton || Hanes || $30,/shirts/null.png
Blue Man Group,/shirts/0525-Green.jpg,/shirts/0525-Blue.jpg,BLUE MAN GROUP || 2006-2007 Tour || MEDIUM || 100% Cotton Preshrunk  || Tennessee River || $50,/shirts/null.png
Gogol Bordello,/shirts/0526-Green.jpg,/shirts/0526-Blue.jpg,GOGOL BORDELLO || Gypsy Punks 10 Years Anniversary 2015 Tour || SMALL || 100% Preshrunk Cotton || M&O Knits || $50,/shirts/null.png
The Protomen,/shirts/0527-Green.jpg,/shirts/0527-Blue.jpg,THE PROTOMEN || Present: A Night of Queen || MEDIUM || Preshrunk 100% Ringspun Cotton || Tultex || $40,/shirts/null.png
Mute Math,/shirts/0528-Green.jpg,/shirts/0528-Blue.jpg,MUTE MATH || LARGE || 100% Combed Cotton || American Apparel || $40,/shirts/null.png
Trans-Siberian Orchestra,/shirts/0529-Green.jpg,/shirts/0529-Blue.jpg,TRANS-SIBERIAN ORCHESTRA || Winter Tour 2013-2014 || SMALL || 100% Cotton || Alstyle Apparel & Activewear || $50,/shirts/null.png
Roger Waters,/shirts/0530-Green.jpg,/shirts/0530-Blue.jpg,ROGER WATERS || The Wall Live // AT&T Park San Francisco 5/11/12 || SMALL || 100% Cotton || Hanes || $100,/shirts/null.png
Minus the Bear,/shirts/0531-Green.jpg,/shirts/0531-Blue.jpg,MINUS THE BEAR || SMALL || Preshrunk 65% Polyester / 35% Ringspun Cotton || Tultex || $40,/shirts/null.png
Liars,/shirts/0532-Green.jpg,/shirts/0532-Blue.jpg,LIARS || MEDIUM || 100% Cotton || Hanes || $40,/shirts/null.png
Hyde,/shirts/0533-Green.jpg,/shirts/0533-Blue.jpg,HYDE || Faith Tour 2006 || LARGE || 100% Cotton Preshrunk  || Alstyle Apparel & Activewear || $50,/shirts/null.png
The Polyphonic Spree,/shirts/0534-Green.jpg,/shirts/0534-Blue.jpg,THE POLYPHONIC SPREE || The Fragile Army || LARGE || 100% Combed Cotton || American Apparel || $50,/shirts/null.png
Agent Orange,/shirts/0535-Green.jpg,/shirts/0535-Blue.jpg,AGENT ORANGE || MEDIUM || 100% Cotton || Hanes || $40,/shirts/null.png
Faith No More,/shirts/0536-Green.jpg,/shirts/0536-Blue.jpg,FAITH NO MORE || Second Coming: America I II & III (12-14 April 2010 Warfield Theater) || MEDIUM || 100% Cotton || Gildan || $70,/shirts/null.png
Puscifer,/shirts/0537-Green.jpg,/shirts/0537-Blue.jpg,PUSCIFER || MEDIUM || 100% Cotton || Avante Textiles || $50,/shirts/null.png
Outside Lands Music & Arts Festival,/shirts/0538-Green.jpg,/shirts/0538-Blue.jpg,OUTSIDE LANDS MUSIC & ARTS FESTIVAL || 2011 || MEDIUM || 100% Organic Cotton || Anvil || $50,/shirts/null.png
The World/Inferno Friendship Society,/shirts/0539-Green.jpg,/shirts/0539-Blue.jpg,THE WORLD/INFERNO FRIENDSHIP SOCIETY || SMALL || 50% Cotton / 50% Polyester || Gildan || $40,/shirts/null.png
Vermillion Lies,/shirts/0540-Green.jpg,/shirts/0540-Blue.jpg,VERMILLION LIES || MEDIUM || 100% Combed Organic Cotton || American Apparel || $40,/shirts/null.png
The Polyphonic Spree,/shirts/0541-Green.jpg,/shirts/0541-Blue.jpg,THE POLYPHONIC SPREE || SMALL || 50% Cotton / 50% Polyester || Jerzees || $20,/shirts/null.png
The Polyphonic Spree,/shirts/0542-Green.jpg,/shirts/0542-Blue.jpg,THE POLYPHONIC SPREE || 10th Annual Holiday Extravaganza 2012 || YOUTH LARGE || 100% Cotton Preshrunk  || Gildan || $20,/shirts/null.png
Tenacious D,/shirts/0543-Green.jpg,/shirts/0543-Blue.jpg,TENACIOUS D || MEDIUM || 100% Cotton || Bay Island Sportswear || $30,/shirts/null.png
The White Stripes,/shirts/0544-Green.jpg,/shirts/0544-Blue.jpg,THE WHITE STRIPES || LARGE || Preshrunk 100% Cotton || Anvil || $30,/shirts/null.png
SF Sketchfest,/shirts/0545-Green.jpg,/shirts/0545-Blue.jpg,SF SKETCHFEST || 16th Annual // 2017 || SMALL || Preshrunk 100% Cotton || District || $20,/shirts/null.png
Circle,/shirts/0546-Green.jpg,/shirts/0546-Blue.jpg,CIRCLE || LARGE || 100% Cotton Preshrunk  || Gildan || $20,/shirts/null.png
Pitbull Daycare,/shirts/0547-Green.jpg,/shirts/0547-Blue.jpg,PITBULL DAYCARE || You Me and the Devil Make Three 2006 Tour || LARGE || 100% Cotton || Jerzees || $20,/shirts/null.png
Pomplamoose,/shirts/0548-Green.jpg,/shirts/0548-Blue.jpg,POMPLAMOOSE || First Ever Tour 2011 || XSMALL || 100% Organic Cotton || Alternative Earth || $20,/shirts/null.png
Alice in Chains,/shirts/0549-Green.jpg,/shirts/0549-Blue.jpg,ALICE IN CHAINS || BlackDiamondSkye 2010 Tour w/Deftones / Mastodon || MEDIUM || Preshrunk 100% Ringspun Cotton || tultex || $20,/shirts/null.png
The Presidents of the United States of America,/shirts/0550-Green.jpg,/shirts/0550-Blue.jpg,THE PRESIDENTS OF THE UNITED STATES OF AMERICA || LARGE || 100% Cotton Preshrunk  || Gildan || $20,/shirts/null.png
Jackalope,/shirts/0551-Green.jpg,/shirts/0551-Blue.jpg,JACKALOPE || MEDIUM || 100% Cotton Preshrunk  || Gildan || $30,/shirts/null.png
The Dresden Dolls,/shirts/0552-Green.jpg,/shirts/0552-Blue.jpg,THE DRESDEN DOLLS || LARGE || 100% Cotton || Fruit of the Loom || $40,/shirts/null.png
Evelyn Evelyn,/shirts/0553-Green.jpg,/shirts/0553-Blue.jpg,EVELYN EVELYN || MEDIUM || 100% Cotton || Magic Activewear || $30,/shirts/null.png
Alice in Chains,/shirts/0554-Green.jpg,/shirts/0554-Blue.jpg,ALICE IN CHAINS || 2006 Tour || MEDIUM || 100% Combed Cotton Preshrunk  || Royal Apparel || $40,/shirts/null.png
John 5 & the Creatures,/shirts/0555-Green.jpg,/shirts/0555-Blue.jpg,JOHN 5 & THE CREATURES || Tour 2015 || SMALL || 100% Cotton || Alstyle Apparel & Activewear || $40,/shirts/null.png
Girl Talk,/shirts/0556-Green.jpg,/shirts/0556-Blue.jpg,GIRL TALK || 2010-2011 Tour || MEDIUM || 100% Cotton || Bay Island Sportswear || $40,/shirts/null.png
Antony and the Johnsons,/shirts/0557-Green.jpg,/shirts/0557-Blue.jpg,ANTONY AND THE JOHNSONS || MEDIUM || 50% Polyester / 25% Combed Cotton / 25% Rayon || American Apparel || $40,/shirts/null.png
The xx,/shirts/0558-Green.jpg,/shirts/0558-Blue.jpg,THE XX || MEDIUM || 100% Combed Cotton || American Apparel || $40,/shirts/null.png
Saul Williams,/shirts/0559-Green.jpg,/shirts/0559-Blue.jpg,SAUL WILLIAMS || LARGE || 100% Combed Cotton || American Apparel || $30,/shirts/null.png
Bon Iver,/shirts/0560-Green.jpg,/shirts/0560-Blue.jpg,BON IVER || MEDIUM || 100% Combed Cotton || American Apparel || $40,/shirts/null.png
DeVotchKa,/shirts/0561-Green.jpg,/shirts/0561-Blue.jpg,DEVOTCHKA || MEDIUM || 100% Preshrunk Cotton || Gildan || $40,/shirts/null.png
Janelle Monáe,/shirts/0562-Green.jpg,/shirts/0562-Blue.jpg,JANELLE MONÁE || MEDIUM || Preshrunk 100% Ringspun Cotton || tultex || $20,/shirts/null.png
Carla Bozulich,/shirts/0563-Green.jpg,/shirts/0563-Blue.jpg,CARLA BOZULICH || LARGE || 100% Cotton Preshrunk  || Gildan || $20,/shirts/null.png
Air,/shirts/0564-Green.jpg,/shirts/0564-Blue.jpg,AIR || WOMEN'S LARGE || 100% Combed  || American Apparel || $20,/shirts/null.png
Bloc Party,/shirts/0565-Green.jpg,/shirts/0565-Blue.jpg,BLOC PARTY || MEDIUM || 100% Cotton || Gildan || $15,/shirts/null.png
OFF!,/shirts/0566-Green.jpg,/shirts/0566-Blue.jpg,OFF! || MEDIUM || Preshrunk 100% Cotton || Anvil || $20,/shirts/null.png
Ottmar Liebert,/shirts/0567-Green.jpg,/shirts/0567-Blue.jpg,OTTMAR LIEBERT || LARGE || Preshrunk 100% Cotton || Anvil || $20,/shirts/null.png
Ratatat,/shirts/0568-Green.jpg,/shirts/0568-Blue.jpg,RATATAT || MEDIUM || Preshrunk 100% Cotton || Anvil || $20,/shirts/null.png
Gogol Bordello,/shirts/0569-Green.jpg,/shirts/0569-Blue.jpg,GOGOL BORDELLO || SMALL || Preshrunk 100% Ringspun Cotton || Tultex || $20,/shirts/null.png
of Montreal,/shirts/0570-Green.jpg,/shirts/0570-Blue.jpg,OF MONTREAL || MEDIUM || 100% Combed Cotton || American Apparel || $20,/shirts/null.png
Dredg,/shirts/0571-Green.jpg,/shirts/0571-Blue.jpg,DREDG || LARGE || Preshrunk 100% Ringspun Cotton || Tultex || $20,/shirts/null.png
Refused,/shirts/0572-Green.jpg,/shirts/0572-Blue.jpg,REFUSED || MEDIUM || 100% Combed Cotton || American Apparel || $30,/shirts/null.png
I'm From Barcelona,/shirts/0573-Green.jpg,/shirts/0573-Blue.jpg,I'M FROM BARCELONA || MEDIUM || 100% Cotton || Nick's World || $25,/shirts/null.png
Arctic Monkeys,/shirts/0574-Green.jpg,/shirts/0574-Blue.jpg,ARCTIC MONKEYS || MEDIUM || 50% Combed Cotton / 50% Polyester || American Apparel || $20,/shirts/null.png
Spiritualized,/shirts/0575-Green.jpg,/shirts/0575-Blue.jpg,SPIRITUALIZED || MEDIUM || Preshrunk 100% Ringspun Cotton || Tultex || $20,/shirts/null.png
Fleet Foxes,/shirts/0576-Green.jpg,/shirts/0576-Blue.jpg,FLEET FOXES || MEDIUM || 50% Combed Cotton / 50% Polyester || American Apparel || $20,/shirts/null.png
Paul McCartney,/shirts/0577-Green.jpg,/shirts/0577-Blue.jpg,PAUL MCCARTNEY || Out There 2014 Tour || WOMEN'S LARGE || Preshrunk 100% Cotton || $80,/shirts/null.png
Bent Knee,/shirts/0578-Green.jpg,/shirts/0578-Blue.jpg,BENT KNEE || SMALL || Preshrunk 65% Polyester / 35% Ringspun Cotton || Tultex || $30,/shirts/null.png
Above & Beyond,/shirts/0579-Green.jpg,/shirts/0579-Blue.jpg,ABOVE & BEYOND || Common Ground North American Tour || SMALL || 100% Cotton || $50,/shirts/null.png
Bert Kreischer,/shirts/0580-Green.jpg,/shirts/0580-Blue.jpg,BERT KREISCHER || SMALL || 90% Cotton / 10% Polyester || Gildan || $30,/shirts/null.png
Glen Hansard (The Swell Season / The Frames),/shirts/0581-Green.jpg,/shirts/0581-Blue.jpg,GLEN HANSARD (THE SWELL SEASON / THE FRAMES) || SMALL || 50% Polyester / 25% Cotton / 25% Rayon || Canvas || $40,/shirts/null.png
Fever Ray,/shirts/0582-Green.jpg,/shirts/0582-Blue.jpg,FEVER RAY || Live 2018 || SMALL || 100% Cotton || Gildan || $40,/shirts/null.png
Carpenter Brut,/shirts/0583-Green.jpg,/shirts/0583-Blue.jpg,CARPENTER BRUT || Leather Patrol Tour 2018 North America Part 1 || SMALL || 100% Cotton || Kariban || $40,/shirts/null.png
Death Grips,/shirts/0584-Green.jpg,/shirts/0584-Blue.jpg,DEATH GRIPS || 2017 Tour || SMALL || 100% Cotton || Gildan || $60,/shirts/null.png
SF Sketchfest,/shirts/0585-Green.jpg,/shirts/0585-Blue.jpg,SF SKETCHFEST || 17th Annual / 2018 || SMALL || 100% Cotton || Gildan || $20,/shirts/null.png
Vermillion Lies,/shirts/0586-Green.jpg,/shirts/0586-Blue.jpg,VERMILLION LIES || MEDIUM || 100% Combed Cotton || American Apparel || $30,/shirts/null.png
Nine Inch Nails,/shirts/0587-Green.jpg,/shirts/0587-Blue.jpg,NINE INCH NAILS || The Tour That Never Was: Cold And Black And Infinite / North America 2020 || SMALL || 100% Cotton || $60,/shirts/null.png
The Joy Formidable,/shirts/0588-Green.jpg,/shirts/0588-Blue.jpg,THE JOY FORMIDABLE || Spring Tour 2012 HOODIE || SMALL || 80% Cotton / 20% Polyester || $60,/shirts/null.png
Mogwai,/shirts/0589-Green.jpg,/shirts/0589-Blue.jpg,MOGWAI || Limited Edition POLO SHIRT || LARGE || 100% Preshrunk Cotton || Hanes || $50,/shirts/null.png
The Mars Volta,/shirts/0590-Green.jpg,/shirts/0590-Blue.jpg,THE MARS VOLTA || 2005 HOODIE || XLARGE || 100% Combed Cotton || American Apparel || $70,/shirts/null.png
Beck,/shirts/0591-Green.jpg,/shirts/0591-Blue.jpg,BECK || HOODIE || SMALL || 50% Polyester / 46% Cotton / 4% Rayon || Alternative Earth || $40,/shirts/null.png
Marcy Playground,/shirts/0592-Green.jpg,/shirts/0592-Blue.jpg,MARCY PLAYGROUND || WOMEN'S LARGE || 100% Combed Cotton || American Apparel || $30,/shirts/null.png
Buzzcocks,/shirts/0593-Green.jpg,/shirts/0593-Blue.jpg,BUZZCOCKS || MEDIUM || Preshrunk 65% Polyester / 35% Ringspun Cotton || Tultex || $30,/shirts/null.png
ODDSAC,/shirts/0594-Green.jpg,/shirts/0594-Blue.jpg,ODDSAC || A Film by Animal Collective || MEDIUM || Preshrunk 100% Ringspun Combed Cotton || Tultex || $20,/shirts/null.png
Outside Lands Music & Arts Festival,/shirts/0595-Green.jpg,/shirts/0595-Blue.jpg,OUTSIDE LANDS MUSIC & ARTS FESTIVAL || 2013 || SMALL || 100% Cotton || Next Level apparel || $20,/shirts/null.png
Trey Anastasio,/shirts/0596-Green.jpg,/shirts/0596-Blue.jpg,TREY ANASTASIO || California 2006 Mini-Tour || MEDIUM || 100% Combed Cotton Preshrunk  || Royal Apparel || $40,/shirts/null.png